Experiment;Condition;Run;Sequence;Total;Application
exp1c;control-customactionselection;15;5;10667;8243
exp1c;control-customactionselection;15;7;11078;8654
exp1c;control-customactionselection;15;0;8247;5906
exp1c;control-customactionselection;15;1;8644;6303
exp1c;control-customactionselection;15;8;11078;8654
exp1c;control-customactionselection;15;4;10666;8242
exp1c;control-customactionselection;15;6;10929;8505
exp1c;control-customactionselection;15;3;10666;8242
exp1c;control-customactionselection;15;9;11078;8654
exp1c;control-customactionselection;15;2;10005;7587
exp1c;control-customactionselection;10;1;10545;8069
exp1c;control-customactionselection;10;9;11253;8777
exp1c;control-customactionselection;10;3;10943;8467
exp1c;control-customactionselection;10;7;11253;8777
exp1c;control-customactionselection;10;8;11253;8777
exp1c;control-customactionselection;10;5;10994;8518
exp1c;control-customactionselection;10;2;10563;8087
exp1c;control-customactionselection;10;4;10943;8467
exp1c;control-customactionselection;10;0;9764;7346
exp1c;control-customactionselection;10;6;10994;8518
exp1c;control-defaultactionselection;16;1;11703;9270
exp1c;control-defaultactionselection;16;0;10248;7830
exp1c;control-defaultactionselection;16;8;14893;12115
exp1c;control-defaultactionselection;16;9;14893;12115
exp1c;control-defaultactionselection;16;4;13262;10793
exp1c;control-defaultactionselection;16;3;12135;9702
exp1c;control-defaultactionselection;16;7;14718;11940
exp1c;control-defaultactionselection;16;6;14718;11940
exp1c;control-defaultactionselection;16;2;11704;9271
exp1c;control-defaultactionselection;16;5;13738;10968
exp1c;control-customactionselection;4;8;11129;8705
exp1c;control-customactionselection;4;6;10668;8250
exp1c;control-customactionselection;4;0;8371;6031
exp1c;control-customactionselection;4;4;10661;8243
exp1c;control-customactionselection;4;2;10189;7771
exp1c;control-customactionselection;4;7;11004;8580
exp1c;control-customactionselection;4;5;10668;8250
exp1c;control-customactionselection;4;1;9071;6730
exp1c;control-customactionselection;4;3;10280;7862
exp1c;control-customactionselection;4;9;11776;9352
exp1c;control-customactionselection;31;6;11075;8651
exp1c;control-customactionselection;31;8;11165;8741
exp1c;control-customactionselection;31;3;10503;8079
exp1c;control-customactionselection;31;1;9979;7555
exp1c;control-customactionselection;31;7;11120;8696
exp1c;control-customactionselection;31;9;11249;8825
exp1c;control-customactionselection;31;5;10625;8201
exp1c;control-customactionselection;31;0;9279;6855
exp1c;control-customactionselection;31;2;10307;7883
exp1c;control-customactionselection;31;4;10504;8080
exp1c;experimental;28;3;11805;9071
exp1c;experimental;28;8;12241;9423
exp1c;experimental;28;1;10221;7803
exp1c;experimental;28;2;11555;8821
exp1c;experimental;28;5;11857;9123
exp1c;experimental;28;4;11805;9071
exp1c;experimental;28;6;11965;9205
exp1c;experimental;28;7;12241;9423
exp1c;experimental;28;0;8963;6546
exp1c;experimental;51;0;9529;7111
exp1c;experimental;51;2;10265;7847
exp1c;experimental;51;3;10278;7860
exp1c;experimental;51;9;12645;10161
exp1c;experimental;51;7;12257;9773
exp1c;experimental;51;5;11227;8743
exp1c;experimental;51;6;12257;9773
exp1c;experimental;51;1;10065;7647
exp1c;experimental;51;4;10736;8260
exp1c;experimental;51;8;12319;9835
exp1c;control-customactionselection;1;1;11736;9011
exp1c;control-customactionselection;1;6;12359;9634
exp1c;control-customactionselection;1;4;12346;9621
exp1c;control-customactionselection;1;8;12412;9687
exp1c;control-customactionselection;1;3;12301;9576
exp1c;control-customactionselection;1;9;12412;9687
exp1c;control-customactionselection;1;2;12080;9355
exp1c;control-customactionselection;1;0;9264;6840
exp1c;control-customactionselection;1;7;12363;9638
exp1c;control-customactionselection;1;5;12346;9621
exp1c;experimental;4;1;8915;6574
exp1c;experimental;4;8;11835;9412
exp1c;experimental;4;4;10818;8400
exp1c;experimental;4;3;10601;8183
exp1c;experimental;4;2;10276;7858
exp1c;experimental;4;6;11760;9337
exp1c;experimental;4;9;12119;9696
exp1c;experimental;4;0;8766;6425
exp1c;experimental;4;7;11778;9355
exp1c;control-defaultactionselection;15;6;14421;11637
exp1c;control-defaultactionselection;15;8;14814;11799
exp1c;control-defaultactionselection;15;4;14401;11617
exp1c;control-defaultactionselection;15;3;14285;11501
exp1c;control-defaultactionselection;15;2;13722;10938
exp1c;control-defaultactionselection;15;1;13561;10783
exp1c;control-defaultactionselection;15;0;11924;9154
exp1c;control-defaultactionselection;15;9;14814;11799
exp1c;control-defaultactionselection;15;5;14401;11617
exp1c;control-defaultactionselection;15;7;14814;11799
exp1c;control-customactionselection;28;6;10389;8030
exp1c;control-customactionselection;28;3;10050;7709
exp1c;control-customactionselection;28;7;10389;8030
exp1c;control-customactionselection;28;0;8776;6436
exp1c;control-customactionselection;28;9;10861;8437
exp1c;control-customactionselection;28;8;10861;8437
exp1c;control-customactionselection;28;4;10199;7858
exp1c;control-customactionselection;28;5;10389;8030
exp1c;control-customactionselection;28;2;10032;7691
exp1c;control-customactionselection;28;1;9903;7562
exp1c;control-defaultactionselection;19;4;14471;11462
exp1c;control-defaultactionselection;19;7;14675;11666
exp1c;control-defaultactionselection;19;0;11739;9321
exp1c;control-defaultactionselection;19;3;14078;11300
exp1c;control-defaultactionselection;19;8;14702;11693
exp1c;control-defaultactionselection;19;1;13050;10624
exp1c;control-defaultactionselection;19;6;14674;11665
exp1c;control-defaultactionselection;19;9;14929;11920
exp1c;control-defaultactionselection;19;2;13156;10730
exp1c;control-defaultactionselection;19;5;14617;11608
exp1c;experimental;13;7;13142;10126
exp1c;experimental;13;0;9975;7549
exp1c;experimental;13;3;11821;8863
exp1c;experimental;13;6;12740;9782
exp1c;experimental;13;5;12695;9737
exp1c;experimental;13;2;11426;8699
exp1c;experimental;13;4;12284;9326
exp1c;experimental;13;1;10458;8032
exp1c;experimental;13;9;13423;10407
exp1c;experimental;3;7;12203;9725
exp1c;experimental;3;0;9579;7156
exp1c;experimental;3;8;12713;9934
exp1c;experimental;3;6;12141;9663
exp1c;experimental;3;3;10907;8463
exp1c;experimental;3;9;12872;10093
exp1c;experimental;3;5;11780;9302
exp1c;experimental;3;1;9729;7306
exp1c;experimental;3;4;11274;8804
exp1c;experimental;3;2;10130;7707
exp1c;control-defaultactionselection;10;2;13509;11068
exp1c;control-defaultactionselection;10;8;14234;11492
exp1c;control-defaultactionselection;10;7;14077;11335
exp1c;control-defaultactionselection;10;0;12299;9873
exp1c;control-defaultactionselection;10;1;12360;9934
exp1c;control-defaultactionselection;10;3;13509;11068
exp1c;control-defaultactionselection;10;5;13936;11194
exp1c;control-defaultactionselection;10;6;14048;11306
exp1c;control-defaultactionselection;10;4;13930;11188
exp1c;experimental;42;9;11234;8571
exp1c;experimental;42;8;10940;8277
exp1c;experimental;42;2;10077;7659
exp1c;experimental;42;0;9672;7254
exp1c;experimental;42;3;10077;7659
exp1c;experimental;42;5;10790;8138
exp1c;experimental;42;1;9681;7263
exp1c;experimental;42;4;10789;8137
exp1c;control-defaultactionselection;21;6;14005;11222
exp1c;control-defaultactionselection;21;5;13545;10813
exp1c;control-defaultactionselection;21;0;11388;8664
exp1c;control-defaultactionselection;21;7;14005;11222
exp1c;control-defaultactionselection;21;9;14010;11227
exp1c;control-defaultactionselection;21;3;13195;10463
exp1c;control-defaultactionselection;21;4;13454;10722
exp1c;control-defaultactionselection;21;2;12981;10249
exp1c;control-defaultactionselection;21;8;14005;11222
exp1c;control-defaultactionselection;21;1;12336;9604
exp1c;control-defaultactionselection;26;5;13971;11187
exp1c;control-defaultactionselection;26;7;13998;11214
exp1c;control-defaultactionselection;26;0;11856;9122
exp1c;control-defaultactionselection;26;2;13834;11056
exp1c;control-defaultactionselection;26;8;14126;11342
exp1c;control-defaultactionselection;26;1;13023;10253
exp1c;control-defaultactionselection;26;4;13965;11187
exp1c;control-defaultactionselection;26;9;14126;11342
exp1c;control-defaultactionselection;26;6;13998;11214
exp1c;control-defaultactionselection;26;3;13941;11163
exp1c;control-customactionselection;9;7;11046;8628
exp1c;control-customactionselection;9;9;11441;8792
exp1c;control-customactionselection;9;4;10623;8205
exp1c;control-customactionselection;9;0;9984;7566
exp1c;control-customactionselection;9;8;11046;8628
exp1c;control-customactionselection;9;5;10624;8206
exp1c;control-customactionselection;9;2;10571;8153
exp1c;control-customactionselection;9;3;10571;8153
exp1c;control-customactionselection;9;6;10704;8286
exp1c;control-customactionselection;9;1;10479;8061
exp1c;experimental;10;0;8648;6307
exp1c;experimental;10;1;10091;7673
exp1c;experimental;10;8;11857;8868
exp1c;experimental;10;9;11983;8973
exp1c;experimental;10;4;10679;8224
exp1c;experimental;10;5;11323;8552
exp1c;experimental;10;2;10215;7771
exp1c;experimental;10;6;11614;8625
exp1c;control-defaultactionselection;17;5;13708;10924
exp1c;control-defaultactionselection;17;2;12588;9854
exp1c;control-defaultactionselection;17;1;12098;9364
exp1c;control-defaultactionselection;17;6;14007;11223
exp1c;control-defaultactionselection;17;4;13208;10466
exp1c;control-defaultactionselection;17;7;14563;11779
exp1c;control-defaultactionselection;17;3;13117;10375
exp1c;control-defaultactionselection;17;9;14567;11783
exp1c;control-defaultactionselection;17;8;14567;11783
exp1c;control-defaultactionselection;17;0;11261;8843
exp1c;control-customactionselection;5;8;12422;9946
exp1c;control-customactionselection;5;4;11343;8867
exp1c;control-customactionselection;5;2;10833;8415
exp1c;control-customactionselection;5;3;10938;8520
exp1c;control-customactionselection;5;5;11427;8951
exp1c;control-customactionselection;5;0;9070;6729
exp1c;control-customactionselection;5;9;12542;10066
exp1c;control-customactionselection;5;6;12114;9638
exp1c;control-customactionselection;5;1;9935;7517
exp1c;control-customactionselection;5;7;12372;9896
exp1c;control-defaultactionselection;6;8;13938;10929
exp1c;control-defaultactionselection;6;2;12929;10151
exp1c;control-defaultactionselection;6;0;10161;7743
exp1c;control-defaultactionselection;6;6;13282;10504
exp1c;control-defaultactionselection;6;5;13282;10504
exp1c;control-defaultactionselection;6;9;14478;11469
exp1c;control-defaultactionselection;6;3;13016;10238
exp1c;control-defaultactionselection;6;7;13675;10666
exp1c;control-defaultactionselection;6;1;12749;9971
exp1c;control-defaultactionselection;6;4;13065;10287
exp1c;experimental;55;6;12309;9569
exp1c;experimental;55;9;12873;10050
exp1c;experimental;55;8;12482;9717
exp1c;experimental;55;7;12309;9569
exp1c;experimental;55;4;11948;9208
exp1c;experimental;55;1;10414;7975
exp1c;control-defaultactionselection;28;2;14417;11468
exp1c;control-defaultactionselection;28;9;15309;12360
exp1c;control-defaultactionselection;28;4;14594;11645
exp1c;control-defaultactionselection;28;5;14594;11645
exp1c;control-defaultactionselection;28;1;14332;11383
exp1c;control-defaultactionselection;28;3;14549;11600
exp1c;control-defaultactionselection;28;0;13247;10298
exp1c;control-defaultactionselection;28;8;14670;11721
exp1c;control-defaultactionselection;28;7;14644;11695
exp1c;control-defaultactionselection;28;6;14644;11695
exp1c;experimental;44;4;11264;8615
exp1c;experimental;44;8;12054;9405
exp1c;experimental;44;9;12097;9442
exp1c;experimental;44;1;9119;6701
exp1c;experimental;44;3;11264;8615
exp1c;experimental;44;0;8437;6096
exp1c;experimental;44;2;10615;7966
exp1c;experimental;44;7;11427;8778
exp1c;experimental;44;5;11264;8615
exp1c;experimental;32;1;10297;7648
exp1c;experimental;32;0;9860;7437
exp1c;experimental;32;5;11550;8895
exp1c;experimental;32;3;11475;8820
exp1c;experimental;32;6;12175;9512
exp1c;experimental;32;4;11475;8820
exp1c;experimental;15;7;1655;856
exp1c;experimental;15;6;11714;8878
exp1c;experimental;15;1;10069;7651
exp1c;experimental;15;2;10353;7935
exp1c;experimental;15;0;9685;7267
exp1c;experimental;15;5;11525;8810
exp1c;experimental;15;9;1655;856
exp1c;experimental;15;3;10949;8531
exp1c;experimental;15;8;1655;856
exp1c;experimental;15;4;11525;8810
exp1c;experimental;16;0;8525;6184
exp1c;experimental;16;5;12005;9064
exp1c;experimental;16;1;9879;7461
exp1c;experimental;16;4;10788;8364
exp1c;experimental;16;2;10278;7860
exp1c;experimental;16;6;12005;9064
exp1c;experimental;16;9;13188;10247
exp1c;experimental;16;3;10658;8240
exp1c;control-customactionselection;21;1;10093;7675
exp1c;control-customactionselection;21;6;10450;8032
exp1c;control-customactionselection;21;9;10833;8415
exp1c;control-customactionselection;21;4;10432;8014
exp1c;control-customactionselection;21;5;10432;8014
exp1c;control-customactionselection;21;3;10340;7922
exp1c;control-customactionselection;21;0;8329;5988
exp1c;control-customactionselection;21;2;10177;7759
exp1c;control-customactionselection;21;7;10450;8032
exp1c;control-customactionselection;21;8;10453;8035
exp1c;experimental;38;1;9693;7275
exp1c;experimental;38;5;10688;8039
exp1c;experimental;38;0;8431;6091
exp1c;experimental;38;8;11974;9309
exp1c;experimental;38;6;11164;8499
exp1c;experimental;38;2;10120;7702
exp1c;experimental;38;9;12517;9834
exp1c;experimental;38;4;10688;8039
exp1c;experimental;38;3;10293;7875
exp1c;experimental;56;8;12965;9903
exp1c;experimental;56;2;10941;8204
exp1c;experimental;56;4;11139;8402
exp1c;experimental;56;5;12475;9429
exp1c;experimental;56;0;10806;8163
exp1c;experimental;56;1;10921;8187
exp1c;experimental;56;3;10942;8205
exp1c;experimental;56;6;12734;9688
exp1c;experimental;56;7;12871;9825
exp1c;experimental;56;9;13338;10276
exp1c;control-customactionselection;19;2;10373;7955
exp1c;control-customactionselection;19;6;11210;8784
exp1c;control-customactionselection;19;5;10951;8525
exp1c;control-customactionselection;19;7;11605;8948
exp1c;control-customactionselection;19;4;10457;8039
exp1c;control-customactionselection;19;0;9080;6662
exp1c;control-customactionselection;19;8;11605;8948
exp1c;control-customactionselection;19;1;9460;7042
exp1c;control-customactionselection;19;9;11605;8948
exp1c;control-customactionselection;19;3;10373;7955
exp1c;control-customactionselection;12;8;11772;9117
exp1c;control-customactionselection;12;4;11368;8713
exp1c;control-customactionselection;12;1;10229;7580
exp1c;control-customactionselection;12;7;11772;9117
exp1c;control-customactionselection;12;3;11218;8563
exp1c;control-customactionselection;12;6;11772;9117
exp1c;control-customactionselection;12;0;8745;6173
exp1c;control-customactionselection;12;5;11448;8793
exp1c;control-customactionselection;12;9;11772;9117
exp1c;control-customactionselection;12;2;10402;7747
exp1c;control-customactionselection;23;8;11667;8933
exp1c;control-customactionselection;23;6;11463;8729
exp1c;control-customactionselection;23;4;10743;8024
exp1c;control-customactionselection;23;5;10823;8104
exp1c;control-customactionselection;23;0;8317;5976
exp1c;control-customactionselection;23;3;10360;7641
exp1c;control-customactionselection;23;2;10360;7641
exp1c;control-customactionselection;23;1;10286;7567
exp1c;control-customactionselection;23;7;11476;8742
exp1c;control-customactionselection;23;9;11667;8933
exp1c;control-defaultactionselection;18;5;14430;11652
exp1c;control-defaultactionselection;18;0;9410;6714
exp1c;control-defaultactionselection;18;6;14526;11748
exp1c;control-defaultactionselection;18;2;13458;10731
exp1c;control-defaultactionselection;18;1;11160;8441
exp1c;control-defaultactionselection;18;3;14224;11446
exp1c;control-defaultactionselection;18;7;14526;11748
exp1c;control-defaultactionselection;18;4;14427;11649
exp1c;control-defaultactionselection;18;8;14526;11748
exp1c;control-defaultactionselection;18;9;14564;11780
exp1c;control-defaultactionselection;4;3;14657;11642
exp1c;control-defaultactionselection;4;8;14923;11908
exp1c;control-defaultactionselection;4;5;14804;11789
exp1c;control-defaultactionselection;4;4;14804;11789
exp1c;control-defaultactionselection;4;9;14923;11908
exp1c;control-defaultactionselection;4;6;14828;11813
exp1c;control-defaultactionselection;4;7;14832;11817
exp1c;control-defaultactionselection;4;1;12727;10000
exp1c;control-defaultactionselection;4;0;11779;9060
exp1c;control-defaultactionselection;4;2;13248;10290
exp1c;control-defaultactionselection;14;7;14103;11320
exp1c;control-defaultactionselection;14;8;14103;11320
exp1c;control-defaultactionselection;14;5;13443;10660
exp1c;control-defaultactionselection;14;6;14103;11320
exp1c;control-defaultactionselection;14;1;12328;9581
exp1c;control-defaultactionselection;14;9;14147;11364
exp1c;control-defaultactionselection;14;0;11323;8584
exp1c;control-defaultactionselection;14;3;13413;10630
exp1c;control-defaultactionselection;14;4;13438;10655
exp1c;control-defaultactionselection;14;2;13005;10222
exp1c;experimental;2;1;9882;7536
exp1c;experimental;2;4;11227;8788
exp1c;experimental;2;3;10839;8416
exp1c;experimental;2;7;12481;9808
exp1c;experimental;2;9;12481;9808
exp1c;experimental;2;0;9452;7106
exp1c;experimental;2;5;11612;8947
exp1c;experimental;2;2;10237;7891
exp1c;experimental;2;6;11612;8947
exp1c;control-customactionselection;3;7;11858;9382
exp1c;control-customactionselection;3;9;11858;9382
exp1c;control-customactionselection;3;3;11239;8763
exp1c;control-customactionselection;3;4;11392;8916
exp1c;control-customactionselection;3;1;9198;6787
exp1c;control-customactionselection;3;6;11858;9382
exp1c;control-customactionselection;3;0;8447;6037
exp1c;control-customactionselection;3;8;11858;9382
exp1c;control-customactionselection;3;5;11628;9152
exp1c;control-customactionselection;3;2;10227;7751
exp1c;control-defaultactionselection;8;9;14747;11738
exp1c;control-defaultactionselection;8;2;12881;10103
exp1c;control-defaultactionselection;8;8;14359;11581
exp1c;control-defaultactionselection;8;5;13927;11149
exp1c;control-defaultactionselection;8;0;8607;6266
exp1c;control-defaultactionselection;8;4;13849;11071
exp1c;control-defaultactionselection;8;3;13395;10617
exp1c;control-defaultactionselection;8;1;11895;9153
exp1c;control-defaultactionselection;8;7;14100;11322
exp1c;control-defaultactionselection;8;6;14100;11322
exp1c;control-defaultactionselection;25;0;13460;10983
exp1c;control-defaultactionselection;25;3;14366;11588
exp1c;control-defaultactionselection;25;4;14366;11588
exp1c;control-defaultactionselection;25;8;14466;11682
exp1c;control-defaultactionselection;25;6;14366;11588
exp1c;control-defaultactionselection;25;2;14293;11515
exp1c;control-defaultactionselection;25;5;14366;11588
exp1c;control-defaultactionselection;25;1;14115;11337
exp1c;control-defaultactionselection;25;7;14466;11682
exp1c;control-defaultactionselection;25;9;14852;11837
exp1c;control-customactionselection;32;7;10905;8487
exp1c;control-customactionselection;32;4;10674;8256
exp1c;control-customactionselection;32;8;10922;8504
exp1c;control-customactionselection;32;3;10626;8208
exp1c;control-customactionselection;32;5;10785;8367
exp1c;control-customactionselection;32;0;8458;6117
exp1c;control-customactionselection;32;1;9980;7562
exp1c;control-customactionselection;32;6;10905;8487
exp1c;control-customactionselection;32;2;10084;7666
exp1c;control-customactionselection;32;9;11136;8718
exp1c;control-customactionselection;16;1;8850;6509
exp1c;control-customactionselection;16;0;8373;6032
exp1c;control-customactionselection;16;3;11857;9431
exp1c;control-customactionselection;16;5;12426;9942
exp1c;control-customactionselection;16;4;12426;9942
exp1c;control-customactionselection;16;9;12792;10308
exp1c;control-customactionselection;16;6;12566;10082
exp1c;control-customactionselection;16;7;12585;10101
exp1c;control-customactionselection;16;2;9237;6896
exp1c;control-customactionselection;16;8;12708;10224
exp1c;experimental;27;4;10864;8172
exp1c;experimental;27;8;11370;8652
exp1c;experimental;27;5;10878;8186
exp1c;experimental;27;7;11204;8486
exp1c;experimental;27;3;10664;8015
exp1c;experimental;27;6;10986;8268
exp1c;experimental;27;1;10249;7600
exp1c;experimental;27;0;9854;7436
exp1c;experimental;27;2;10521;7872
exp1c;control-customactionselection;25;3;10447;8029
exp1c;control-customactionselection;25;6;10631;8213
exp1c;control-customactionselection;25;1;9343;6925
exp1c;control-customactionselection;25;2;10351;7933
exp1c;control-customactionselection;25;7;11721;8994
exp1c;control-customactionselection;25;5;10618;8200
exp1c;control-customactionselection;25;9;11871;9144
exp1c;control-customactionselection;25;8;11871;9144
exp1c;control-customactionselection;25;0;8433;6092
exp1c;control-customactionselection;25;4;10618;8200
exp1c;experimental;23;4;11225;8807
exp1c;experimental;23;2;10702;8284
exp1c;experimental;23;6;11323;8900
exp1c;experimental;23;1;10700;8282
exp1c;experimental;23;9;12223;9749
exp1c;experimental;23;8;11964;9490
exp1c;experimental;23;3;10787;8369
exp1c;experimental;23;0;10363;7945
exp1c;control-customactionselection;6;6;10209;7791
exp1c;control-customactionselection;6;4;10164;7746
exp1c;control-customactionselection;6;9;10490;8072
exp1c;control-customactionselection;6;8;10490;8072
exp1c;control-customactionselection;6;1;9817;7399
exp1c;control-customactionselection;6;5;10209;7791
exp1c;control-customactionselection;6;2;9960;7542
exp1c;control-customactionselection;6;7;10490;8072
exp1c;control-customactionselection;6;0;9757;7339
exp1c;control-customactionselection;6;3;10162;7744
exp1c;control-defaultactionselection;3;5;14592;11809
exp1c;control-defaultactionselection;3;3;14379;11596
exp1c;control-defaultactionselection;3;2;13958;11175
exp1c;control-defaultactionselection;3;4;14427;11644
exp1c;control-defaultactionselection;3;7;14592;11809
exp1c;control-defaultactionselection;3;9;14627;11844
exp1c;control-defaultactionselection;3;1;13958;11175
exp1c;control-defaultactionselection;3;0;13310;10534
exp1c;control-defaultactionselection;3;6;14592;11809
exp1c;control-defaultactionselection;3;8;14592;11809
exp1c;control-defaultactionselection;12;3;14000;11258
exp1c;control-defaultactionselection;12;1;12440;9698
exp1c;control-defaultactionselection;12;7;14484;11505
exp1c;control-defaultactionselection;12;2;13194;10452
exp1c;control-defaultactionselection;12;5;14478;11505
exp1c;control-defaultactionselection;12;0;10720;8302
exp1c;control-defaultactionselection;12;9;14515;11536
exp1c;control-defaultactionselection;12;4;14396;11423
exp1c;control-defaultactionselection;12;6;14484;11505
exp1c;control-defaultactionselection;12;8;14515;11536
exp1c;control-customactionselection;33;6;11374;8719
exp1c;control-customactionselection;33;7;11374;8719
exp1c;control-customactionselection;33;4;11114;8459
exp1c;control-customactionselection;33;2;10332;7903
exp1c;control-customactionselection;33;8;11374;8719
exp1c;control-customactionselection;33;0;8368;6024
exp1c;control-customactionselection;33;1;9892;7469
exp1c;control-customactionselection;33;3;10332;7903
exp1c;control-customactionselection;33;9;11776;9121
exp1c;control-customactionselection;33;5;11198;8543
exp1c;control-defaultactionselection;2;7;14946;11937
exp1c;control-defaultactionselection;2;8;14946;11937
exp1c;control-defaultactionselection;2;0;14028;11250
exp1c;control-defaultactionselection;2;4;14535;11757
exp1c;control-defaultactionselection;2;2;14303;11525
exp1c;control-defaultactionselection;2;9;14947;11938
exp1c;control-defaultactionselection;2;6;14946;11937
exp1c;control-defaultactionselection;2;1;14294;11516
exp1c;control-defaultactionselection;2;3;14535;11757
exp1c;control-defaultactionselection;2;5;14553;11775
exp1c;experimental;1;1;10079;7661
exp1c;experimental;1;2;10459;8041
exp1c;experimental;1;6;11167;8518
exp1c;experimental;1;9;11571;8864
exp1c;experimental;1;4;10772;8354
exp1c;experimental;1;5;11167;8518
exp1c;experimental;1;3;10772;8354
exp1c;experimental;1;8;11571;8864
exp1c;experimental;1;0;9775;7357
exp1c;experimental;1;7;11571;8864
exp1c;experimental;14;1;9126;6728
exp1c;experimental;14;4;12232;9553
exp1c;experimental;14;9;12762;10083
exp1c;experimental;14;7;12316;9637
exp1c;experimental;14;3;10967;8504
exp1c;experimental;14;2;10623;8160
exp1c;experimental;14;8;12714;10035
exp1c;experimental;14;6;12316;9637
exp1c;experimental;14;0;8588;6242
exp1c;control-defaultactionselection;13;4;14076;11127
exp1c;control-defaultactionselection;13;9;14778;11829
exp1c;control-defaultactionselection;13;0;12609;10132
exp1c;control-defaultactionselection;13;2;12786;10309
exp1c;control-defaultactionselection;13;7;14162;11213
exp1c;control-defaultactionselection;13;5;14158;11209
exp1c;control-defaultactionselection;13;1;12725;10248
exp1c;control-defaultactionselection;13;3;14076;11127
exp1c;control-defaultactionselection;13;6;14158;11209
exp1c;control-defaultactionselection;13;8;14778;11829
exp1c;control-defaultactionselection;34;6;14390;11612
exp1c;control-defaultactionselection;34;8;14511;11733
exp1c;control-defaultactionselection;34;5;14390;11612
exp1c;control-defaultactionselection;34;1;12853;10083
exp1c;control-defaultactionselection;34;0;11374;8956
exp1c;control-defaultactionselection;34;4;13739;10961
exp1c;control-defaultactionselection;34;3;13681;10903
exp1c;control-defaultactionselection;34;9;14511;11733
exp1c;control-defaultactionselection;34;2;12854;10084
exp1c;control-defaultactionselection;34;7;14511;11733
exp1c;experimental;22;2;10598;8175
exp1c;experimental;22;7;11797;9148
exp1c;experimental;22;4;11407;8984
exp1c;experimental;22;6;11797;9148
exp1c;experimental;22;9;12597;9926
exp1c;experimental;22;8;12460;9789
exp1c;control-defaultactionselection;31;5;14157;11379
exp1c;control-defaultactionselection;31;9;14393;11615
exp1c;control-defaultactionselection;31;2;13706;10928
exp1c;control-defaultactionselection;31;1;12598;10172
exp1c;control-defaultactionselection;31;7;14390;11612
exp1c;control-defaultactionselection;31;6;14244;11466
exp1c;control-defaultactionselection;31;3;13819;11041
exp1c;control-defaultactionselection;31;8;14391;11613
exp1c;control-defaultactionselection;31;4;13819;11041
exp1c;control-defaultactionselection;31;0;11671;9253
exp1c;control-customactionselection;26;9;11553;9077
exp1c;control-customactionselection;26;2;9524;7106
exp1c;control-customactionselection;26;0;8366;6025
exp1c;control-customactionselection;26;8;11339;8863
exp1c;control-customactionselection;26;7;11294;8818
exp1c;control-customactionselection;26;1;8833;6492
exp1c;control-customactionselection;26;5;10395;7919
exp1c;control-customactionselection;26;6;11294;8818
exp1c;control-customactionselection;26;3;10114;7638
exp1c;control-customactionselection;26;4;10244;7768
exp1c;control-defaultactionselection;27;9;14785;12007
exp1c;control-defaultactionselection;27;3;13569;11092
exp1c;control-defaultactionselection;27;1;13054;10577
exp1c;control-defaultactionselection;27;7;14784;12006
exp1c;control-defaultactionselection;27;5;14228;11751
exp1c;control-defaultactionselection;27;4;13828;11351
exp1c;control-defaultactionselection;27;0;12325;9848
exp1c;control-defaultactionselection;27;2;13449;10972
exp1c;control-defaultactionselection;27;8;14785;12007
exp1c;control-defaultactionselection;27;6;14556;11778
exp1c;experimental;12;6;10820;8397
exp1c;experimental;12;1;9382;7036
exp1c;experimental;12;7;11275;8852
exp1c;experimental;12;3;10427;8004
exp1c;experimental;12;9;11294;8871
exp1c;experimental;12;0;9105;6759
exp1c;experimental;12;2;9382;7036
exp1c;experimental;12;8;11275;8852
exp1c;control-customactionselection;18;0;8850;6509
exp1c;control-customactionselection;18;9;11368;8950
exp1c;control-customactionselection;18;7;11252;8834
exp1c;control-customactionselection;18;6;10625;8207
exp1c;control-customactionselection;18;2;9957;7539
exp1c;control-customactionselection;18;5;10625;8207
exp1c;control-customactionselection;18;1;9957;7539
exp1c;control-customactionselection;18;8;11320;8902
exp1c;control-customactionselection;18;4;10625;8207
exp1c;control-customactionselection;18;3;10106;7688
exp1c;control-customactionselection;29;2;10912;8494
exp1c;control-customactionselection;29;5;11965;9539
exp1c;control-customactionselection;29;1;10775;8357
exp1c;control-customactionselection;29;6;11965;9539
exp1c;control-customactionselection;29;7;12522;9780
exp1c;control-customactionselection;29;4;11792;9366
exp1c;control-customactionselection;29;3;10912;8494
exp1c;control-customactionselection;29;8;12528;9786
exp1c;control-customactionselection;29;0;10277;7859
exp1c;control-customactionselection;29;9;12528;9786
exp1c;experimental;52;0;9752;7321
exp1c;experimental;52;8;12154;9407
exp1c;experimental;52;7;11812;9065
exp1c;experimental;52;5;11646;8899
exp1c;experimental;52;3;10769;8338
exp1c;experimental;11;5;12334;9537
exp1c;experimental;11;6;12345;9548
exp1c;experimental;11;4;12334;9537
exp1c;experimental;11;1;10131;7713
exp1c;experimental;11;7;12389;9592
exp1c;experimental;11;8;12389;9592
exp1c;experimental;11;2;11161;8427
exp1c;experimental;11;9;12391;9594
exp1c;experimental;11;0;10009;7592
exp1c;control-customactionselection;35;7;11159;8741
exp1c;control-customactionselection;35;4;10647;8229
exp1c;control-customactionselection;35;1;10067;7649
exp1c;control-customactionselection;35;9;11314;8896
exp1c;control-customactionselection;35;5;10647;8229
exp1c;control-customactionselection;35;3;10261;7843
exp1c;control-customactionselection;35;2;10216;7798
exp1c;control-customactionselection;35;0;9495;7077
exp1c;control-customactionselection;35;8;11159;8741
exp1c;control-customactionselection;35;6;10731;8313
exp1c;control-defaultactionselection;23;3;13826;10853
exp1c;control-defaultactionselection;23;7;14726;11546
exp1c;control-defaultactionselection;23;2;13821;10848
exp1c;control-defaultactionselection;23;9;14894;11714
exp1c;control-defaultactionselection;23;0;12476;9729
exp1c;control-defaultactionselection;23;5;13995;11022
exp1c;control-defaultactionselection;23;8;14816;11636
exp1c;control-defaultactionselection;23;6;14255;11282
exp1c;control-defaultactionselection;23;4;13874;10901
exp1c;control-defaultactionselection;23;1;13210;10237
exp1c;experimental;6;8;13381;10333
exp1c;experimental;6;3;11413;8645
exp1c;experimental;6;7;12961;9919
exp1c;experimental;6;6;12877;9835
exp1c;experimental;6;0;8151;5813
exp1c;experimental;6;2;11385;8617
exp1c;experimental;6;9;13381;10333
exp1c;experimental;6;5;12877;9835
exp1c;experimental;6;4;12727;9720
exp1c;control-customactionselection;27;8;11344;8610
exp1c;control-customactionselection;27;5;11295;8561
exp1c;control-customactionselection;27;6;11344;8610
exp1c;control-customactionselection;27;7;11344;8610
exp1c;control-customactionselection;27;9;11344;8610
exp1c;control-customactionselection;27;2;10940;8206
exp1c;control-customactionselection;27;1;10306;7888
exp1c;control-customactionselection;27;0;9664;7246
exp1c;control-customactionselection;27;3;10942;8208
exp1c;control-customactionselection;27;4;10943;8209
exp1c;control-customactionselection;14;3;9564;7223
exp1c;control-customactionselection;14;5;11141;8665
exp1c;control-customactionselection;14;8;11350;8874
exp1c;control-customactionselection;14;9;11567;9091
exp1c;control-customactionselection;14;6;11141;8665
exp1c;control-customactionselection;14;7;11305;8829
exp1c;control-customactionselection;14;0;9105;6764
exp1c;control-customactionselection;14;4;10737;8319
exp1c;control-customactionselection;14;2;9119;6778
exp1c;control-customactionselection;14;1;9105;6764
exp1c;experimental;31;6;12306;9389
exp1c;experimental;31;0;9651;7228
exp1c;experimental;31;3;12031;9234
exp1c;experimental;31;9;13551;10464
exp1c;experimental;31;8;13551;10464
exp1c;experimental;31;4;12154;9240
exp1c;experimental;31;1;10264;7841
exp1c;experimental;31;7;13454;10367
exp1c;control-customactionselection;30;3;10958;8482
exp1c;control-customactionselection;30;1;9684;7266
exp1c;control-customactionselection;30;8;11645;9169
exp1c;control-customactionselection;30;4;10958;8482
exp1c;control-customactionselection;30;5;10972;8496
exp1c;control-customactionselection;30;2;9980;7562
exp1c;control-customactionselection;30;9;11765;9289
exp1c;control-customactionselection;30;6;11335;8859
exp1c;control-customactionselection;30;0;9616;7199
exp1c;control-customactionselection;30;7;11594;9118
exp1c;experimental;5;1;10644;8184
exp1c;experimental;5;7;11585;8880
exp1c;experimental;5;6;11500;8795
exp1c;experimental;5;5;11490;8791
exp1c;experimental;5;8;11978;9221
exp1c;experimental;5;4;11035;8575
exp1c;experimental;5;9;11978;9221
exp1c;experimental;5;3;11035;8575
exp1c;control-defaultactionselection;33;9;14548;11764
exp1c;control-defaultactionselection;33;7;14543;11759
exp1c;control-defaultactionselection;33;8;14543;11759
exp1c;control-defaultactionselection;33;3;13260;10482
exp1c;control-defaultactionselection;33;2;12811;10069
exp1c;control-defaultactionselection;33;0;10312;7886
exp1c;control-defaultactionselection;33;4;14177;11399
exp1c;control-defaultactionselection;33;6;14414;11636
exp1c;control-defaultactionselection;33;5;14389;11611
exp1c;control-defaultactionselection;33;1;10872;8446
exp1c;experimental;7;4;11617;8917
exp1c;experimental;7;3;11467;8802
exp1c;experimental;7;0;9891;7234
exp1c;experimental;7;6;11665;8965
exp1c;experimental;7;1;10542;7885
exp1c;experimental;7;5;11665;8965
exp1c;experimental;7;2;10975;8318
exp1c;control-defaultactionselection;24;5;13698;11221
exp1c;control-defaultactionselection;24;2;12718;10292
exp1c;control-defaultactionselection;24;6;14197;11419
exp1c;control-defaultactionselection;24;7;14197;11419
exp1c;control-defaultactionselection;24;9;14197;11419
exp1c;control-defaultactionselection;24;3;12718;10292
exp1c;control-defaultactionselection;24;0;11221;8803
exp1c;control-defaultactionselection;24;8;14197;11419
exp1c;control-defaultactionselection;24;1;12228;9810
exp1c;control-defaultactionselection;24;4;13064;10638
exp1c;experimental;34;6;12336;9685
exp1c;experimental;34;7;12472;9821
exp1c;experimental;34;9;12520;9869
exp1c;experimental;34;8;12520;9869
exp1c;experimental;34;3;10577;8159
exp1c;experimental;34;2;10363;7945
exp1c;experimental;34;1;10302;7884
exp1c;experimental;34;0;7808;5471
exp1c;experimental;34;4;11211;8785
exp1c;experimental;34;5;12335;9684
exp1c;control-customactionselection;17;1;8840;6499
exp1c;control-customactionselection;17;5;11724;9298
exp1c;control-customactionselection;17;3;10655;8314
exp1c;control-customactionselection;17;2;9044;6703
exp1c;control-customactionselection;17;7;12209;9783
exp1c;control-customactionselection;17;9;12568;10142
exp1c;control-customactionselection;17;6;12149;9723
exp1c;control-customactionselection;17;4;11724;9298
exp1c;control-customactionselection;17;8;12277;9851
exp1c;control-customactionselection;17;0;8313;5973
exp1c;experimental;21;5;11836;9388
exp1c;experimental;21;7;12172;9719
exp1c;experimental;21;2;11385;8937
exp1c;experimental;21;1;10654;8236
exp1c;experimental;21;9;14112;11426
exp1c;experimental;21;3;11836;9388
exp1c;experimental;21;8;12172;9719
exp1c;experimental;21;0;10377;7959
exp1c;experimental;21;4;11836;9388
exp1c;control-customactionselection;8;8;10853;8429
exp1c;control-customactionselection;8;3;10185;7826
exp1c;control-customactionselection;8;5;10305;7946
exp1c;control-customactionselection;8;2;9926;7585
exp1c;control-customactionselection;8;7;10853;8429
exp1c;control-customactionselection;8;9;11111;8687
exp1c;control-customactionselection;8;4;10185;7826
exp1c;control-customactionselection;8;0;9324;6983
exp1c;control-customactionselection;8;6;10853;8429
exp1c;control-customactionselection;8;1;9708;7367
exp1c;experimental;35;8;11461;8804
exp1c;experimental;35;6;11146;8489
exp1c;experimental;35;7;11297;8640
exp1c;experimental;35;2;10909;8252
exp1c;experimental;35;5;11030;8373
exp1c;experimental;35;9;11461;8804
exp1c;experimental;35;1;10597;7940
exp1c;control-defaultactionselection;5;5;13839;11091
exp1c;control-defaultactionselection;5;7;13914;11166
exp1c;control-defaultactionselection;5;1;12546;9798
exp1c;control-defaultactionselection;5;6;13914;11166
exp1c;control-defaultactionselection;5;9;14587;11839
exp1c;control-defaultactionselection;5;0;11659;8919
exp1c;control-defaultactionselection;5;2;12906;10158
exp1c;control-defaultactionselection;5;3;13235;10487
exp1c;control-defaultactionselection;5;8;14543;11795
exp1c;control-defaultactionselection;5;4;13526;10778
exp1c;control-defaultactionselection;22;3;13775;11028
exp1c;control-defaultactionselection;22;7;14417;11634
exp1c;control-defaultactionselection;22;9;14417;11634
exp1c;control-defaultactionselection;22;6;14417;11634
exp1c;control-defaultactionselection;22;1;12045;9306
exp1c;control-defaultactionselection;22;4;13878;11095
exp1c;control-defaultactionselection;22;2;12766;10027
exp1c;control-defaultactionselection;22;0;11290;8852
exp1c;control-defaultactionselection;22;5;13878;11095
exp1c;control-customactionselection;2;7;11260;8836
exp1c;control-customactionselection;2;1;9565;7224
exp1c;control-customactionselection;2;6;11260;8836
exp1c;control-customactionselection;2;4;11001;8577
exp1c;control-customactionselection;2;8;11260;8836
exp1c;control-customactionselection;2;3;10600;8176
exp1c;control-customactionselection;2;9;11278;8854
exp1c;control-customactionselection;2;2;9941;7523
exp1c;control-customactionselection;2;0;9101;6761
exp1c;control-customactionselection;2;5;11001;8577
exp1c;control-defaultactionselection;1;2;13334;10592
exp1c;control-defaultactionselection;1;1;13334;10592
exp1c;control-defaultactionselection;1;5;14198;11456
exp1c;control-defaultactionselection;1;7;14599;11626
exp1c;control-defaultactionselection;1;9;14599;11626
exp1c;control-defaultactionselection;1;8;14599;11626
exp1c;control-defaultactionselection;1;6;14593;11620
exp1c;control-defaultactionselection;1;3;13334;10592
exp1c;control-defaultactionselection;1;0;11402;8984
exp1c;control-defaultactionselection;1;4;14198;11456
exp1c;control-defaultactionselection;32;8;15370;12538
exp1c;control-defaultactionselection;32;1;12840;10113
exp1c;control-defaultactionselection;32;4;14468;11726
exp1c;control-defaultactionselection;32;0;7738;5428
exp1c;control-defaultactionselection;32;3;13980;11238
exp1c;control-defaultactionselection;32;9;15370;12538
exp1c;control-defaultactionselection;32;2;12946;10219
exp1c;control-defaultactionselection;32;6;15088;12310
exp1c;control-defaultactionselection;32;5;15088;12310
exp1c;control-defaultactionselection;32;7;15088;12310
exp1c;control-customactionselection;20;0;8786;6445
exp1c;control-customactionselection;20;1;10153;7812
exp1c;control-customactionselection;20;4;11503;8854
exp1c;control-customactionselection;20;5;11503;8854
exp1c;control-customactionselection;20;8;11582;8933
exp1c;control-customactionselection;20;2;10548;7976
exp1c;control-customactionselection;20;6;11521;8872
exp1c;control-customactionselection;20;9;11582;8933
exp1c;control-customactionselection;20;7;11582;8933
exp1c;control-customactionselection;20;3;11503;8854
exp1c;control-customactionselection;11;0;8982;6641
exp1c;control-customactionselection;11;9;11222;8503
exp1c;control-customactionselection;11;5;10737;8018
exp1c;control-customactionselection;11;1;9525;7107
exp1c;control-customactionselection;11;4;10588;7869
exp1c;control-customactionselection;11;3;9772;7354
exp1c;control-customactionselection;11;2;9692;7274
exp1c;control-customactionselection;11;6;11061;8342
exp1c;control-customactionselection;11;7;11222;8503
exp1c;control-customactionselection;11;8;11222;8503
exp1c;control-defaultactionselection;7;1;13043;10265
exp1c;control-defaultactionselection;7;4;14115;11337
exp1c;control-defaultactionselection;7;5;14115;11337
exp1c;control-defaultactionselection;7;6;14128;11350
exp1c;control-defaultactionselection;7;9;14128;11350
exp1c;control-defaultactionselection;7;8;14128;11350
exp1c;control-defaultactionselection;7;0;12654;9876
exp1c;control-defaultactionselection;7;3;13937;11159
exp1c;control-defaultactionselection;7;7;14128;11350
exp1c;control-defaultactionselection;7;2;13123;10345
exp1c;experimental;53;0;8618;5978
exp1c;experimental;53;1;10470;7763
exp1c;experimental;53;6;12261;9424
exp1c;experimental;53;3;11316;8479
exp1c;experimental;53;5;12260;9423
exp1c;experimental;53;8;13543;10706
exp1c;experimental;53;4;11575;8738
exp1c;experimental;53;7;12878;10041
exp1c;control-customactionselection;13;1;10694;7955
exp1c;control-customactionselection;13;0;10530;7791
exp1c;control-customactionselection;13;2;10694;7955
exp1c;control-customactionselection;13;3;10778;8039
exp1c;control-customactionselection;13;5;10927;8188
exp1c;control-customactionselection;13;4;10826;8087
exp1c;control-customactionselection;13;9;11326;8587
exp1c;control-customactionselection;13;7;11206;8467
exp1c;control-customactionselection;13;8;11326;8587
exp1c;control-customactionselection;13;6;11008;8269
exp1c;control-customactionselection;22;4;10679;8256
exp1c;control-customactionselection;22;1;9741;7318
exp1c;control-customactionselection;22;3;9934;7511
exp1c;control-customactionselection;22;6;10915;8492
exp1c;control-customactionselection;22;8;11367;8886
exp1c;control-customactionselection;22;5;10698;8275
exp1c;control-customactionselection;22;2;9790;7367
exp1c;control-customactionselection;22;9;11848;9367
exp1c;control-customactionselection;22;0;8247;5903
exp1c;control-customactionselection;22;7;11367;8886
exp1c;control-defaultactionselection;35;2;14004;11262
exp1c;control-defaultactionselection;35;8;15664;12484
exp1c;control-defaultactionselection;35;4;14556;11772
exp1c;control-defaultactionselection;35;9;15668;12488
exp1c;control-defaultactionselection;35;5;14915;11966
exp1c;control-defaultactionselection;35;7;15281;12332
exp1c;control-defaultactionselection;35;1;12343;9624
exp1c;control-defaultactionselection;35;0;8774;6433
exp1c;control-defaultactionselection;35;3;14456;11678
exp1c;control-defaultactionselection;35;6;15201;12252
exp1c;experimental;24;5;12327;9354
exp1c;experimental;24;0;8828;6257
exp1c;experimental;24;1;9734;7085
exp1c;experimental;24;8;13082;10083
exp1c;experimental;24;7;12974;10001
exp1c;experimental;24;2;10645;7996
exp1c;experimental;24;9;13082;10083
exp1c;control-defaultactionselection;20;1;13284;10542
exp1c;control-defaultactionselection;20;8;14790;12006
exp1c;control-defaultactionselection;20;9;15165;12381
exp1c;control-defaultactionselection;20;2;13741;10999
exp1c;control-defaultactionselection;20;4;14428;11650
exp1c;control-defaultactionselection;20;6;14656;11872
exp1c;control-defaultactionselection;20;3;14346;11568
exp1c;control-defaultactionselection;20;0;12454;9712
exp1c;control-defaultactionselection;20;7;14710;11926
exp1c;control-defaultactionselection;20;5;14549;11771
exp1c;experimental;33;5;10758;8335
exp1c;experimental;33;4;10758;8335
exp1c;experimental;33;7;11217;8794
exp1c;experimental;33;0;9697;7274
exp1c;experimental;33;6;11217;8794
exp1c;experimental;33;9;11410;8870
exp1c;experimental;33;8;11271;8848
exp1c;experimental;33;3;10251;7828
exp1c;control-defaultactionselection;11;6;13926;11142
exp1c;control-defaultactionselection;11;5;13862;11078
exp1c;control-defaultactionselection;11;2;12761;10278
exp1c;control-defaultactionselection;11;7;13971;11187
exp1c;control-defaultactionselection;11;1;11915;9438
exp1c;control-defaultactionselection;11;8;14416;11632
exp1c;control-defaultactionselection;11;9;14452;11668
exp1c;control-defaultactionselection;11;3;13452;10969
exp1c;control-defaultactionselection;11;0;11741;9264
exp1c;control-defaultactionselection;11;4;13862;11078
exp1c;control-customactionselection;7;1;10287;7869
exp1c;control-customactionselection;7;9;11695;9263
exp1c;control-customactionselection;7;3;11120;8696
exp1c;control-customactionselection;7;8;11615;9183
exp1c;control-customactionselection;7;5;11613;9181
exp1c;control-customactionselection;7;2;10428;8004
exp1c;control-customactionselection;7;7;11615;9183
exp1c;control-customactionselection;7;6;11613;9181
exp1c;control-customactionselection;7;0;9508;7091
exp1c;control-customactionselection;7;4;11121;8697
exp1c;experimental;41;6;13415;10677
exp1c;experimental;41;9;13939;10975
exp1c;experimental;41;0;8743;6379
exp1c;experimental;41;8;13921;10957
exp1c;experimental;41;7;13531;10793
exp1c;experimental;41;3;11885;9456
exp1c;experimental;41;5;12374;9937
exp1c;experimental;41;1;9228;6864
exp1c;control-customactionselection;24;5;11181;8705
exp1c;control-customactionselection;24;6;11181;8705
exp1c;control-customactionselection;24;3;11181;8705
exp1c;control-customactionselection;24;8;11229;8753
exp1c;control-customactionselection;24;9;11229;8753
exp1c;control-customactionselection;24;0;7362;5023
exp1c;control-customactionselection;24;1;9128;6711
exp1c;control-customactionselection;24;7;11181;8705
exp1c;control-customactionselection;24;4;11181;8705
exp1c;control-customactionselection;24;2;9849;7431
exp1c;experimental;43;2;10536;8118
exp1c;experimental;43;3;10703;8285
exp1c;experimental;43;5;10889;8466
exp1c;experimental;43;8;11081;8632
exp1c;experimental;43;6;10889;8466
exp1c;experimental;43;0;9426;7008
exp1c;experimental;43;7;10973;8550
exp1c;control-defaultactionselection;9;3;14509;11494
exp1c;control-defaultactionselection;9;1;11502;8847
exp1c;control-defaultactionselection;9;6;15142;12127
exp1c;control-defaultactionselection;9;8;15189;12174
exp1c;control-defaultactionselection;9;4;14829;11814
exp1c;control-defaultactionselection;9;5;14841;11826
exp1c;control-defaultactionselection;9;0;10020;7371
exp1c;control-defaultactionselection;9;7;15186;12171
exp1c;control-defaultactionselection;9;2;13671;10957
exp1c;control-defaultactionselection;9;9;15269;12254
exp1c;control-customactionselection;34;9;12121;9675
exp1c;control-customactionselection;34;7;11940;9494
exp1c;control-customactionselection;34;0;9669;7246
exp1c;control-customactionselection;34;5;11940;9494
exp1c;control-customactionselection;34;2;11743;9297
exp1c;control-customactionselection;34;8;12121;9675
exp1c;control-customactionselection;34;1;10879;8441
exp1c;control-customactionselection;34;3;11756;9310
exp1c;control-customactionselection;34;6;11940;9494
exp1c;control-customactionselection;34;4;11892;9446
exp1c;control-defaultactionselection;29;8;15085;12070
exp1c;control-defaultactionselection;29;5;14927;11912
exp1c;control-defaultactionselection;29;0;11641;8922
exp1c;control-defaultactionselection;29;2;12704;9977
exp1c;control-defaultactionselection;29;1;12030;9311
exp1c;control-defaultactionselection;29;9;15085;12070
exp1c;control-defaultactionselection;29;6;15085;12070
exp1c;control-defaultactionselection;29;7;15085;12070
exp1c;control-defaultactionselection;29;3;13105;10141
exp1c;control-defaultactionselection;29;4;13776;10761
exp1c;control-defaultactionselection;30;8;15211;12031
exp1c;control-defaultactionselection;30;9;15211;12031
exp1c;control-defaultactionselection;30;6;14405;11657
exp1c;control-defaultactionselection;30;3;13792;11050
exp1c;control-defaultactionselection;30;2;13025;10584
exp1c;control-defaultactionselection;30;5;14074;11332
exp1c;control-defaultactionselection;30;0;10973;8547
exp1c;control-defaultactionselection;30;1;11451;9025
exp1c;control-defaultactionselection;30;7;14788;11809
exp1c;control-defaultactionselection;30;4;14074;11332
