Experiment;Condition;Run;Sequence;Time
exp1i;experimental;4;1;2921126
exp1i;experimental;4;2;2421204
exp1i;experimental;4;3;2994763
exp1i;experimental;4;4;2558836
exp1i;experimental;4;5;3030870
exp1i;experimental;4;6;2394212
exp1i;experimental;4;7;2602189
exp1i;experimental;4;8;2426536
exp1i;experimental;4;9;2961540
exp1i;experimental;4;10;2727298
exp1i;experimental;46;1;2594438
exp1i;experimental;46;2;2649257
exp1i;experimental;46;3;2884309
exp1i;experimental;46;4;2852155
exp1i;experimental;46;5;1010195
exp1i;experimental;46;6;3215008
exp1i;experimental;46;7;8575925
exp1i;experimental;46;8;993006
exp1i;experimental;46;9;1416903
exp1i;experimental;46;10;99968
exp1i;plain;1;1;416964
exp1i;plain;1;2;431146
exp1i;plain;1;3;410206
exp1i;plain;1;4;422263
exp1i;plain;1;5;412467
exp1i;plain;1;6;361595
exp1i;plain;1;7;389331
exp1i;plain;1;8;292966
exp1i;plain;1;9;387848
exp1i;plain;1;10;419805
exp1i;control-customactionselection;37;1;2738282
exp1i;control-customactionselection;37;2;2270868
exp1i;control-customactionselection;37;3;2345143
exp1i;control-customactionselection;37;4;2180739
exp1i;control-customactionselection;37;5;2167882
exp1i;control-customactionselection;37;6;1771678
exp1i;control-customactionselection;37;7;1759587
exp1i;control-customactionselection;37;8;2129083
exp1i;experimental;59;1;1713703
exp1i;experimental;59;2;4337396
exp1i;experimental;59;3;2836793
exp1i;experimental;59;4;3561763
exp1i;experimental;59;5;2793803
exp1i;experimental;59;6;2483453
exp1i;experimental;59;7;2344401
exp1i;experimental;59;8;2302384
exp1i;experimental;59;9;1731698
exp1i;experimental;59;10;2407064
exp1i;experimental;111;1;2866445
exp1i;experimental;111;2;2897007
exp1i;experimental;111;3;1849014
exp1i;experimental;111;4;3155664
exp1i;experimental;111;5;2917650
exp1i;experimental;111;6;2825422
exp1i;experimental;111;7;2701188
exp1i;experimental;111;8;1650374
exp1i;experimental;111;9;3006629
exp1i;experimental;111;10;3069486
exp1i;control-customactionselection;51;1;1671715
exp1i;control-customactionselection;51;2;2301621
exp1i;control-customactionselection;51;3;2356187
exp1i;control-customactionselection;51;4;2408484
exp1i;control-customactionselection;51;5;2373826
exp1i;control-customactionselection;51;6;1386325
exp1i;control-customactionselection;51;7;2175217
exp1i;control-customactionselection;51;8;1690741
exp1i;control-customactionselection;51;9;1728929
exp1i;control-customactionselection;51;10;1008343
exp1i;experimental;43;1;3711545
exp1i;experimental;43;2;3233780
exp1i;experimental;43;3;3402938
exp1i;experimental;43;4;2679477
exp1i;experimental;43;5;2894501
exp1i;experimental;43;6;2682847
exp1i;experimental;43;7;3032808
exp1i;experimental;43;8;2405893
exp1i;experimental;43;9;3008267
exp1i;experimental;43;10;2594227
exp1i;plain;4;1;424743
exp1i;plain;4;2;436293
exp1i;plain;4;3;411076
exp1i;plain;4;4;416706
exp1i;plain;4;5;432456
exp1i;plain;4;6;367088
exp1i;plain;4;7;354345
exp1i;plain;4;8;381849
exp1i;plain;4;9;429303
exp1i;plain;4;10;431052
exp1i;experimental;48;1;2696316
exp1i;experimental;48;2;3037168
exp1i;experimental;48;3;2507526
exp1i;experimental;48;4;2696097
exp1i;experimental;48;5;2352516
exp1i;experimental;48;6;2589285
exp1i;experimental;48;7;2098936
exp1i;experimental;48;8;9481246
exp1i;experimental;48;9;2703594
exp1i;experimental;48;10;2711874
exp1i;control-defaultactionselection;21;1;2526643
exp1i;control-defaultactionselection;21;2;2768899
exp1i;control-defaultactionselection;21;3;2637434
exp1i;control-defaultactionselection;21;4;2207095
exp1i;control-defaultactionselection;21;5;1774894
exp1i;control-defaultactionselection;21;6;2400567
exp1i;control-defaultactionselection;21;7;2511554
exp1i;control-defaultactionselection;21;8;1378511
exp1i;control-defaultactionselection;21;9;1679390
exp1i;control-defaultactionselection;21;10;2210289
exp1i;control-defaultactionselection;49;1;2234303
exp1i;control-defaultactionselection;49;2;1429126
exp1i;control-defaultactionselection;49;3;2578526
exp1i;control-defaultactionselection;49;4;1889495
exp1i;control-defaultactionselection;49;5;2347208
exp1i;control-defaultactionselection;49;6;2563086
exp1i;control-defaultactionselection;49;7;1840970
exp1i;control-defaultactionselection;49;8;1895280
exp1i;control-defaultactionselection;49;9;2109702
exp1i;control-defaultactionselection;49;10;2176363
exp1i;plain;44;1;432972
exp1i;plain;44;2;346060
exp1i;plain;44;3;377615
exp1i;plain;44;4;348289
exp1i;plain;44;5;413743
exp1i;plain;44;6;411843
exp1i;plain;44;7;414593
exp1i;plain;44;8;359926
exp1i;plain;44;9;426009
exp1i;plain;44;10;358128
exp1i;control-defaultactionselection;53;1;2564524
exp1i;control-defaultactionselection;53;2;2060655
exp1i;control-defaultactionselection;53;3;1960616
exp1i;control-defaultactionselection;53;4;1473464
exp1i;control-defaultactionselection;53;5;2557939
exp1i;control-defaultactionselection;53;6;2698920
exp1i;control-defaultactionselection;53;7;1012115
exp1i;control-defaultactionselection;53;8;2088150
exp1i;control-defaultactionselection;53;9;2511223
exp1i;control-defaultactionselection;53;10;1683166
exp1i;control-defaultactionselection;40;1;1561805
exp1i;control-defaultactionselection;41;1;2516402
exp1i;control-defaultactionselection;41;2;2846017
exp1i;control-defaultactionselection;41;3;1568089
exp1i;control-defaultactionselection;41;4;2265892
exp1i;control-defaultactionselection;41;5;2435080
exp1i;control-defaultactionselection;41;6;2424081
exp1i;control-defaultactionselection;41;7;2508824
exp1i;control-defaultactionselection;41;8;2628321
exp1i;control-defaultactionselection;41;9;1981750
exp1i;control-defaultactionselection;41;10;2211521
exp1i;control-customactionselection;52;1;1422329
exp1i;control-customactionselection;52;2;2298542
exp1i;control-customactionselection;52;3;1392919
exp1i;control-customactionselection;52;4;2337316
exp1i;control-customactionselection;52;5;2083570
exp1i;control-customactionselection;52;6;2034105
exp1i;control-customactionselection;52;7;2007582
exp1i;control-customactionselection;52;8;2656965
exp1i;control-customactionselection;52;9;2148576
exp1i;control-customactionselection;52;10;1677749
exp1i;control-defaultactionselection;32;1;1392962
exp1i;control-defaultactionselection;32;2;2097049
exp1i;control-defaultactionselection;32;3;2315487
exp1i;control-defaultactionselection;32;4;1579382
exp1i;control-defaultactionselection;32;5;2664790
exp1i;control-defaultactionselection;32;6;2339047
exp1i;control-defaultactionselection;32;7;2331951
exp1i;control-defaultactionselection;32;8;2404648
exp1i;control-defaultactionselection;32;9;1758276
exp1i;control-defaultactionselection;32;10;3008046
exp1i;control-defaultactionselection;37;1;2538587
exp1i;control-defaultactionselection;37;2;5204475
exp1i;control-defaultactionselection;37;3;4222121
exp1i;control-defaultactionselection;37;4;999372
exp1i;control-defaultactionselection;37;5;1590353
exp1i;control-defaultactionselection;37;6;1645120
exp1i;control-defaultactionselection;37;7;2467091
exp1i;control-defaultactionselection;37;8;1648026
exp1i;control-defaultactionselection;37;9;3482957
exp1i;control-defaultactionselection;37;10;1031299
exp1i;control-customactionselection;17;1;2304618
exp1i;control-customactionselection;17;2;2947920
exp1i;control-customactionselection;17;3;1962870
exp1i;control-customactionselection;17;4;2090014
exp1i;control-customactionselection;17;5;1515919
exp1i;control-customactionselection;17;6;2168901
exp1i;control-customactionselection;17;7;2261793
exp1i;control-customactionselection;17;8;2079770
exp1i;control-customactionselection;17;9;2504866
exp1i;control-customactionselection;17;10;2497144
exp1i;plain;13;1;347551
exp1i;plain;13;2;378585
exp1i;plain;13;3;426064
exp1i;plain;13;4;434402
exp1i;plain;13;5;417298
exp1i;plain;13;6;405348
exp1i;plain;13;7;422750
exp1i;plain;13;8;408711
exp1i;plain;13;9;433158
exp1i;plain;13;10;435925
exp1i;control-defaultactionselection;46;1;1932866
exp1i;control-defaultactionselection;46;2;2606354
exp1i;control-defaultactionselection;46;3;1494204
exp1i;control-defaultactionselection;46;4;2612413
exp1i;control-defaultactionselection;46;5;2701654
exp1i;control-defaultactionselection;46;6;2500525
exp1i;control-defaultactionselection;46;7;2256526
exp1i;control-defaultactionselection;46;8;2193079
exp1i;control-defaultactionselection;46;9;2259348
exp1i;control-defaultactionselection;46;10;1807703
exp1i;experimental;81;1;3057656
exp1i;experimental;81;2;3742600
exp1i;experimental;81;3;2616965
exp1i;experimental;81;4;1787996
exp1i;experimental;81;5;1923317
exp1i;experimental;81;6;2977714
exp1i;experimental;81;7;2508833
exp1i;experimental;81;8;2339015
exp1i;experimental;81;9;2886286
exp1i;experimental;81;10;2005679
exp1i;control-customactionselection;36;1;2351106
exp1i;control-customactionselection;36;2;2355626
exp1i;control-customactionselection;36;3;1741579
exp1i;control-customactionselection;36;4;1707744
exp1i;control-customactionselection;36;5;2315458
exp1i;control-customactionselection;36;6;2668495
exp1i;control-customactionselection;36;7;2318452
exp1i;control-customactionselection;36;8;2085419
exp1i;control-customactionselection;36;9;2211454
exp1i;control-customactionselection;36;10;1679844
exp1i;plain;3;1;431386
exp1i;plain;3;2;419844
exp1i;plain;3;3;429136
exp1i;plain;3;4;399851
exp1i;plain;3;5;436924
exp1i;plain;3;6;342760
exp1i;plain;3;7;426305
exp1i;plain;3;8;354776
exp1i;plain;3;9;410434
exp1i;plain;3;10;348682
exp1i;control-defaultactionselection;33;1;1606171
exp1i;control-defaultactionselection;33;2;1843472
exp1i;control-defaultactionselection;33;3;2461865
exp1i;control-defaultactionselection;33;4;2176409
exp1i;control-defaultactionselection;33;5;2490647
exp1i;control-defaultactionselection;33;6;2296002
exp1i;control-defaultactionselection;33;7;2269650
exp1i;control-defaultactionselection;33;8;1600995
exp1i;control-defaultactionselection;33;9;2005542
exp1i;control-defaultactionselection;33;10;2271008
exp1i;control-defaultactionselection;12;1;2210273
exp1i;control-defaultactionselection;12;2;2954135
exp1i;control-defaultactionselection;12;3;2673206
exp1i;control-defaultactionselection;12;4;1940514
exp1i;control-defaultactionselection;12;5;2479095
exp1i;control-defaultactionselection;12;6;2883356
exp1i;control-defaultactionselection;12;7;1401796
exp1i;control-defaultactionselection;12;8;1590744
exp1i;control-defaultactionselection;12;9;1413083
exp1i;control-defaultactionselection;12;10;1583506
exp1i;control-defaultactionselection;44;1;1884978
exp1i;control-defaultactionselection;44;2;2370878
exp1i;control-defaultactionselection;44;3;1743564
exp1i;control-defaultactionselection;44;4;2743993
exp1i;control-defaultactionselection;44;5;2335434
exp1i;control-defaultactionselection;44;6;1531919
exp1i;control-defaultactionselection;44;7;2367862
exp1i;control-defaultactionselection;44;8;2428639
exp1i;control-defaultactionselection;44;9;2132268
exp1i;control-defaultactionselection;44;10;1815999
exp1i;plain;43;1;403877
exp1i;plain;43;2;450473
exp1i;plain;43;3;342915
exp1i;plain;43;4;454534
exp1i;plain;43;5;356925
exp1i;plain;43;6;405941
exp1i;plain;43;7;427647
exp1i;plain;43;8;421056
exp1i;plain;43;9;354916
exp1i;plain;43;10;362021
exp1i;control-defaultactionselection;11;1;1535541
exp1i;control-defaultactionselection;11;2;2622455
exp1i;control-defaultactionselection;11;3;1822388
exp1i;control-defaultactionselection;11;4;2541821
exp1i;control-defaultactionselection;11;5;2622313
exp1i;control-defaultactionselection;11;6;2462636
exp1i;control-defaultactionselection;11;7;1692417
exp1i;control-defaultactionselection;11;8;1476388
exp1i;control-defaultactionselection;11;9;2167995
exp1i;control-defaultactionselection;11;10;1727444
exp1i;experimental;41;1;2984455
exp1i;experimental;41;2;2338509
exp1i;experimental;41;3;2822095
exp1i;experimental;41;4;2726083
exp1i;experimental;41;5;3312451
exp1i;experimental;41;6;2963100
exp1i;experimental;41;7;3358328
exp1i;experimental;41;8;3085406
exp1i;experimental;41;9;3966310
exp1i;experimental;41;10;2421630
exp1i;plain;16;1;389415
exp1i;plain;16;2;361828
exp1i;plain;16;3;375740
exp1i;plain;16;4;416881
exp1i;plain;16;5;425928
exp1i;plain;16;6;435142
exp1i;plain;16;7;407068
exp1i;plain;16;8;350270
exp1i;plain;16;9;404059
exp1i;plain;16;10;403506
exp1i;control-customactionselection;27;1;1984053
exp1i;control-customactionselection;27;2;1692954
exp1i;control-customactionselection;27;3;2221905
exp1i;control-customactionselection;27;4;2355348
exp1i;control-customactionselection;27;5;1482392
exp1i;control-customactionselection;27;6;1792104
exp1i;control-customactionselection;27;7;2229388
exp1i;control-customactionselection;27;8;2613525
exp1i;control-customactionselection;27;9;2319308
exp1i;control-customactionselection;27;10;2485857
exp1i;plain;10;1;417418
exp1i;plain;10;2;436309
exp1i;plain;10;3;343360
exp1i;plain;10;4;401978
exp1i;plain;10;5;375767
exp1i;plain;10;6;424246
exp1i;plain;10;7;418748
exp1i;plain;10;8;361824
exp1i;plain;10;9;431524
exp1i;plain;10;10;381015
exp1i;control-customactionselection;43;1;1970555
exp1i;control-customactionselection;43;2;2694919
exp1i;control-customactionselection;43;3;2298461
exp1i;control-customactionselection;43;4;1510540
exp1i;control-customactionselection;43;5;2431511
exp1i;control-customactionselection;43;6;2012872
exp1i;control-customactionselection;43;7;2289377
exp1i;control-customactionselection;43;8;1746297
exp1i;control-customactionselection;43;9;1975567
exp1i;control-customactionselection;43;10;2492760
exp1i;control-defaultactionselection;54;1;2596933
exp1i;control-defaultactionselection;54;2;2336394
exp1i;control-defaultactionselection;54;3;2800677
exp1i;control-defaultactionselection;54;4;1736349
exp1i;control-defaultactionselection;54;5;2303423
exp1i;control-defaultactionselection;54;6;2027121
exp1i;control-defaultactionselection;54;7;2197398
exp1i;control-defaultactionselection;54;8;1787934
exp1i;control-defaultactionselection;54;9;2572971
exp1i;control-defaultactionselection;54;10;2170795
exp1i;control-defaultactionselection;5;1;2379478
exp1i;control-defaultactionselection;5;2;2316158
exp1i;control-defaultactionselection;5;3;2560542
exp1i;control-defaultactionselection;5;4;1484202
exp1i;control-defaultactionselection;5;5;1450415
exp1i;control-defaultactionselection;5;6;2147493
exp1i;control-defaultactionselection;5;7;3087976
exp1i;control-defaultactionselection;5;8;2305836
exp1i;control-defaultactionselection;5;9;2178480
exp1i;control-defaultactionselection;5;10;2717868
exp1i;plain;48;1;426878
exp1i;plain;48;2;375486
exp1i;plain;48;3;346216
exp1i;plain;48;4;357192
exp1i;plain;48;5;352512
exp1i;plain;48;6;361653
exp1i;plain;48;7;302507
exp1i;plain;48;8;426399
exp1i;plain;48;9;401265
exp1i;plain;48;10;433584
exp1i;experimental;8;1;2407105
exp1i;experimental;8;2;3379734
exp1i;experimental;8;3;2789683
exp1i;experimental;8;4;2100872
exp1i;experimental;8;5;2652678
exp1i;experimental;8;6;2148069
exp1i;experimental;8;7;2532121
exp1i;experimental;8;8;2445433
exp1i;experimental;8;9;2752811
exp1i;experimental;8;10;2285004
exp1i;control-defaultactionselection;22;1;2582777
exp1i;control-defaultactionselection;22;2;2416255
exp1i;control-defaultactionselection;22;3;1407928
exp1i;control-defaultactionselection;22;4;2646624
exp1i;control-defaultactionselection;22;5;1578812
exp1i;control-defaultactionselection;22;6;1367521
exp1i;control-defaultactionselection;22;7;1395295
exp1i;control-defaultactionselection;22;8;2284495
exp1i;control-defaultactionselection;22;9;1585451
exp1i;control-defaultactionselection;22;10;2382278
exp1i;plain;36;1;390111
exp1i;plain;36;2;400502
exp1i;plain;36;3;428993
exp1i;plain;36;4;345416
exp1i;plain;36;5;362942
exp1i;plain;36;6;345467
exp1i;plain;36;7;401654
exp1i;plain;36;8;409946
exp1i;plain;36;9;405985
exp1i;plain;36;10;392329
exp1i;control-customactionselection;20;1;2557736
exp1i;control-customactionselection;20;2;2335541
exp1i;control-customactionselection;20;3;2051661
exp1i;control-customactionselection;20;4;2611920
exp1i;control-customactionselection;20;5;1916588
exp1i;control-customactionselection;20;6;2638588
exp1i;control-customactionselection;20;7;1520656
exp1i;control-customactionselection;20;8;2447250
exp1i;control-customactionselection;20;9;2018506
exp1i;control-customactionselection;20;10;2179270
exp1i;plain;6;1;364264
exp1i;plain;6;2;404020
exp1i;plain;6;3;352569
exp1i;plain;6;4;348356
exp1i;plain;6;5;422518
exp1i;plain;6;6;361097
exp1i;plain;6;7;425457
exp1i;plain;6;8;399669
exp1i;plain;6;9;412156
exp1i;plain;6;10;342151
exp1i;plain;11;1;340719
exp1i;plain;11;2;410382
exp1i;plain;11;3;415985
exp1i;plain;11;4;349902
exp1i;plain;11;5;393476
exp1i;plain;11;6;409945
exp1i;plain;11;7;362268
exp1i;plain;11;8;356492
exp1i;plain;11;9;377953
exp1i;plain;11;10;419590
exp1i;plain;46;1;421856
exp1i;plain;46;2;413657
exp1i;plain;46;3;413764
exp1i;plain;46;4;349193
exp1i;plain;46;5;423563
exp1i;plain;46;6;420562
exp1i;plain;46;7;427992
exp1i;plain;46;8;393833
exp1i;plain;46;9;416907
exp1i;plain;46;10;404112
exp1i;control-customactionselection;7;1;1343472
exp1i;control-customactionselection;7;2;2167202
exp1i;control-customactionselection;7;3;1937521
exp1i;control-customactionselection;7;4;1986454
exp1i;control-customactionselection;7;5;2074937
exp1i;control-customactionselection;7;6;1804146
exp1i;control-customactionselection;7;7;2414609
exp1i;control-customactionselection;7;8;1818879
exp1i;control-customactionselection;7;9;2328508
exp1i;control-customactionselection;7;10;2320125
exp1i;plain;41;1;399112
exp1i;plain;41;2;351417
exp1i;plain;41;3;397762
exp1i;plain;41;4;420830
exp1i;plain;41;5;414108
exp1i;plain;41;6;388372
exp1i;plain;41;7;356616
exp1i;plain;41;8;364375
exp1i;plain;41;9;372325
exp1i;plain;41;10;407382
exp1i;plain;17;1;360564
exp1i;plain;17;2;373398
exp1i;plain;17;3;358628
exp1i;plain;17;4;408508
exp1i;plain;17;5;411684
exp1i;plain;17;6;371314
exp1i;plain;17;7;404120
exp1i;plain;17;8;343394
exp1i;plain;17;9;393055
exp1i;plain;17;10;346508
exp1i;plain;20;1;345665
exp1i;plain;20;2;405875
exp1i;plain;20;3;362775
exp1i;plain;20;4;371938
exp1i;plain;20;5;346400
exp1i;plain;20;6;339417
exp1i;plain;20;7;370749
exp1i;plain;20;8;427858
exp1i;plain;20;9;353282
exp1i;plain;20;10;377414
exp1i;plain;2;1;403819
exp1i;plain;2;2;350709
exp1i;plain;2;3;339754
exp1i;plain;2;4;428794
exp1i;plain;2;5;346922
exp1i;plain;2;6;387153
exp1i;plain;2;7;422936
exp1i;plain;2;8;379350
exp1i;plain;2;9;393611
exp1i;plain;2;10;420022
exp1i;experimental;1;1;1794863
exp1i;experimental;1;2;2460787
exp1i;experimental;1;3;3337179
exp1i;experimental;1;4;3608557
exp1i;experimental;1;5;2451758
exp1i;experimental;1;6;2921716
exp1i;experimental;1;7;3184143
exp1i;experimental;1;8;2320320
exp1i;experimental;1;9;2627544
exp1i;experimental;1;10;2711937
exp1i;control-customactionselection;14;1;1438983
exp1i;control-customactionselection;14;2;2364307
exp1i;control-customactionselection;14;3;2163265
exp1i;control-customactionselection;14;4;2198508
exp1i;control-customactionselection;14;5;1615246
exp1i;control-customactionselection;14;6;1605988
exp1i;control-customactionselection;14;7;1695482
exp1i;control-customactionselection;14;8;2239452
exp1i;control-customactionselection;14;9;2431492
exp1i;control-customactionselection;14;10;2477030
exp1i;control-defaultactionselection;19;1;1691544
exp1i;control-defaultactionselection;19;2;1929666
exp1i;control-defaultactionselection;19;3;2217940
exp1i;control-defaultactionselection;19;4;2485463
exp1i;control-defaultactionselection;19;5;2357892
exp1i;control-defaultactionselection;19;6;2655391
exp1i;control-defaultactionselection;19;7;1524150
exp1i;control-defaultactionselection;19;8;1653248
exp1i;control-defaultactionselection;19;9;1963912
exp1i;control-defaultactionselection;19;10;2597396
exp1i;control-customactionselection;12;1;2253849
exp1i;control-customactionselection;12;2;2659101
exp1i;control-customactionselection;12;3;1504377
exp1i;control-customactionselection;12;4;1897071
exp1i;control-customactionselection;12;5;1819442
exp1i;control-customactionselection;12;6;1808590
exp1i;control-customactionselection;12;7;1752422
exp1i;control-customactionselection;12;8;2246096
exp1i;control-customactionselection;12;9;1403918
exp1i;control-customactionselection;12;10;1976699
exp1i;control-defaultactionselection;18;1;1648116
exp1i;control-defaultactionselection;18;2;6366095
exp1i;control-defaultactionselection;18;3;982693
exp1i;control-defaultactionselection;18;4;6645477
exp1i;control-defaultactionselection;18;5;987155
exp1i;control-defaultactionselection;18;6;3526728
exp1i;control-defaultactionselection;18;7;998800
exp1i;control-defaultactionselection;18;8;1461485
exp1i;control-defaultactionselection;18;9;1802831
exp1i;control-defaultactionselection;18;10;1441440
exp1i;control-customactionselection;29;1;1940215
exp1i;control-customactionselection;29;2;2380207
exp1i;control-customactionselection;29;3;2399252
exp1i;control-customactionselection;29;4;2549242
exp1i;control-customactionselection;29;5;2324430
exp1i;control-customactionselection;29;6;1503971
exp1i;control-customactionselection;29;7;2695382
exp1i;control-customactionselection;29;8;2275781
exp1i;control-customactionselection;29;9;4499079
exp1i;control-customactionselection;29;10;3764955
exp1i;control-customactionselection;22;1;2605140
exp1i;control-customactionselection;22;2;1948898
exp1i;control-customactionselection;22;3;2057850
exp1i;control-customactionselection;22;4;2560002
exp1i;control-customactionselection;22;5;2023186
exp1i;control-customactionselection;22;6;2147129
exp1i;control-customactionselection;22;7;2744985
exp1i;control-customactionselection;22;8;1014889
exp1i;control-customactionselection;22;9;2487808
exp1i;control-customactionselection;22;10;2219247
exp1i;plain;39;1;281439
exp1i;plain;39;2;413064
exp1i;plain;39;3;404924
exp1i;plain;39;4;406424
exp1i;plain;39;5;353797
exp1i;plain;39;6;389622
exp1i;plain;39;7;404809
exp1i;plain;39;8;414391
exp1i;plain;39;9;357198
exp1i;plain;39;10;377117
exp1i;plain;30;1;427343
exp1i;plain;30;2;417288
exp1i;plain;30;3;381378
exp1i;plain;30;4;414396
exp1i;plain;30;5;350067
exp1i;plain;30;6;423476
exp1i;plain;30;7;429656
exp1i;plain;30;8;411303
exp1i;plain;30;9;369164
exp1i;plain;30;10;409198
exp1i;control-defaultactionselection;1;1;2594053
exp1i;control-defaultactionselection;1;2;1995255
exp1i;control-defaultactionselection;1;3;1432915
exp1i;control-defaultactionselection;1;4;2652710
exp1i;control-defaultactionselection;1;5;1402763
exp1i;control-defaultactionselection;1;6;2328110
exp1i;control-defaultactionselection;1;7;2047117
exp1i;control-defaultactionselection;1;8;1542576
exp1i;control-defaultactionselection;1;9;2432551
exp1i;control-defaultactionselection;1;10;2582349
exp1i;control-customactionselection;16;1;2364077
exp1i;control-customactionselection;16;2;1953646
exp1i;control-customactionselection;16;3;2295829
exp1i;control-customactionselection;16;4;2272981
exp1i;control-customactionselection;16;5;2003188
exp1i;control-customactionselection;16;6;2439414
exp1i;control-customactionselection;16;7;1931571
exp1i;control-customactionselection;16;8;1897048
exp1i;control-customactionselection;16;9;2396669
exp1i;control-customactionselection;16;10;2318470
exp1i;control-customactionselection;13;1;2361151
exp1i;control-customactionselection;13;2;2943935
exp1i;control-customactionselection;13;3;2563664
exp1i;control-customactionselection;13;4;1355353
exp1i;control-customactionselection;13;5;2605530
exp1i;control-customactionselection;13;6;2032830
exp1i;control-customactionselection;13;7;2151632
exp1i;control-customactionselection;13;8;1744062
exp1i;control-customactionselection;13;9;1309604
exp1i;control-customactionselection;13;10;2156729
exp1i;experimental;3;1;3227225
exp1i;experimental;3;2;2504767
exp1i;experimental;3;3;2813727
exp1i;experimental;3;4;1840437
exp1i;experimental;3;5;2780884
exp1i;experimental;3;6;2818049
exp1i;experimental;3;7;2370905
exp1i;experimental;3;8;2361119
exp1i;experimental;3;9;2316776
exp1i;experimental;3;10;2051364
exp1i;plain;25;1;380016
exp1i;plain;25;2;356676
exp1i;plain;25;3;426190
exp1i;plain;25;4;418595
exp1i;plain;25;5;406695
exp1i;plain;25;6;340959
exp1i;plain;25;7;364774
exp1i;plain;25;8;422046
exp1i;plain;25;9;389155
exp1i;plain;25;10;403479
exp1i;experimental;12;1;2696390
exp1i;experimental;12;2;2759824
exp1i;experimental;12;3;3357782
exp1i;experimental;12;4;3160132
exp1i;experimental;12;5;2596541
exp1i;experimental;12;6;3024067
exp1i;experimental;12;7;2569106
exp1i;experimental;12;8;2283954
exp1i;experimental;12;9;2155716
exp1i;experimental;12;10;3067511
exp1i;control-defaultactionselection;15;1;1575644
exp1i;control-defaultactionselection;15;2;2663282
exp1i;control-defaultactionselection;15;3;2854948
exp1i;control-defaultactionselection;15;4;2706634
exp1i;control-defaultactionselection;15;5;2459231
exp1i;control-defaultactionselection;15;6;1478704
exp1i;control-defaultactionselection;15;7;1929025
exp1i;control-defaultactionselection;15;8;1669886
exp1i;control-defaultactionselection;15;9;1645275
exp1i;control-defaultactionselection;15;10;2536815
exp1i;control-customactionselection;11;1;2442243
exp1i;control-customactionselection;11;2;2160396
exp1i;control-customactionselection;11;3;2472751
exp1i;control-customactionselection;11;4;2259248
exp1i;control-customactionselection;11;5;2357381
exp1i;control-customactionselection;11;6;1686797
exp1i;control-customactionselection;11;7;2229899
exp1i;control-customactionselection;11;8;2328853
exp1i;control-customactionselection;11;9;2342910
exp1i;control-customactionselection;11;10;2421196
exp1i;control-customactionselection;6;1;2100949
exp1i;control-customactionselection;6;2;2135198
exp1i;control-customactionselection;6;3;2162306
exp1i;control-customactionselection;6;4;2032025
exp1i;control-customactionselection;6;5;2004113
exp1i;control-customactionselection;6;6;2538261
exp1i;control-customactionselection;6;7;2295639
exp1i;control-customactionselection;6;8;2105601
exp1i;control-customactionselection;6;9;2321019
exp1i;control-customactionselection;6;10;2197779
exp1i;plain;26;1;357131
exp1i;plain;26;2;342909
exp1i;plain;26;3;402535
exp1i;plain;26;4;368455
exp1i;plain;26;5;414571
exp1i;plain;26;6;340235
exp1i;plain;26;7;376058
exp1i;plain;26;8;370382
exp1i;plain;26;9;379313
exp1i;plain;26;10;362214
exp1i;experimental;7;1;2867083
exp1i;experimental;7;2;2638754
exp1i;experimental;7;3;2530055
exp1i;experimental;7;4;2523225
exp1i;experimental;7;5;1676665
exp1i;experimental;7;6;4081434
exp1i;experimental;7;7;2840159
exp1i;experimental;7;8;2030972
exp1i;experimental;7;9;1948617
exp1i;experimental;7;10;2484167
exp1i;control-customactionselection;24;1;2181723
exp1i;control-customactionselection;24;2;1621195
exp1i;control-customactionselection;24;3;2101697
exp1i;control-customactionselection;24;4;2447695
exp1i;control-customactionselection;24;5;1009163
exp1i;control-customactionselection;24;6;2670287
exp1i;control-customactionselection;24;7;2248475
exp1i;control-customactionselection;24;8;2443801
exp1i;control-customactionselection;24;9;2280125
exp1i;control-customactionselection;24;10;2164744
exp1i;control-customactionselection;5;1;2465458
exp1i;control-customactionselection;5;2;2281533
exp1i;control-customactionselection;5;3;2022998
exp1i;control-customactionselection;5;4;2264057
exp1i;control-customactionselection;5;5;2417429
exp1i;control-customactionselection;5;6;1407789
exp1i;control-customactionselection;5;7;2676968
exp1i;control-customactionselection;5;8;2522776
exp1i;control-customactionselection;5;9;2416597
exp1i;control-customactionselection;5;10;2367570
exp1i;plain;24;1;421224
exp1i;plain;24;2;421013
exp1i;plain;24;3;364180
exp1i;plain;24;4;403153
exp1i;plain;24;5;398892
exp1i;plain;24;6;429157
exp1i;plain;24;7;418689
exp1i;plain;24;8;419134
exp1i;plain;24;9;354736
exp1i;plain;24;10;417994
exp1i;control-defaultactionselection;42;1;1856428
exp1i;control-defaultactionselection;42;2;2720070
exp1i;control-defaultactionselection;42;3;2759900
exp1i;control-defaultactionselection;42;4;2443425
exp1i;control-defaultactionselection;42;5;1544757
exp1i;control-defaultactionselection;42;6;1831512
exp1i;control-defaultactionselection;42;7;1887782
exp1i;control-defaultactionselection;42;8;1902766
exp1i;control-defaultactionselection;42;9;2474178
exp1i;control-defaultactionselection;42;10;1720091
exp1i;control-defaultactionselection;34;1;2337176
exp1i;control-defaultactionselection;34;2;2414626
exp1i;control-defaultactionselection;34;3;2296573
exp1i;control-defaultactionselection;34;4;2940332
exp1i;control-defaultactionselection;34;5;2564711
exp1i;control-defaultactionselection;34;6;1947655
exp1i;control-defaultactionselection;34;7;2755621
exp1i;control-defaultactionselection;34;8;2833062
exp1i;control-defaultactionselection;34;9;2220643
exp1i;control-defaultactionselection;34;10;2599169
exp1i;plain;29;1;356171
exp1i;plain;29;2;354850
exp1i;plain;29;3;381828
exp1i;plain;29;4;383082
exp1i;plain;29;5;426506
exp1i;plain;29;6;419835
exp1i;plain;29;7;393609
exp1i;plain;29;8;354410
exp1i;plain;29;9;392726
exp1i;plain;29;10;357624
exp1i;control-defaultactionselection;24;1;2641377
exp1i;control-defaultactionselection;24;2;2259932
exp1i;control-defaultactionselection;24;3;2608799
exp1i;control-defaultactionselection;24;4;1698617
exp1i;control-defaultactionselection;24;5;1589177
exp1i;control-defaultactionselection;24;6;1571310
exp1i;control-defaultactionselection;24;7;2275559
exp1i;control-defaultactionselection;24;8;2862216
exp1i;control-defaultactionselection;24;9;2306587
exp1i;control-defaultactionselection;24;10;1715326
exp1i;experimental;21;1;3494930
exp1i;experimental;21;2;2917604
exp1i;experimental;21;3;2089234
exp1i;experimental;21;4;2491308
exp1i;experimental;21;5;2313767
exp1i;experimental;21;6;1981159
exp1i;experimental;21;7;1584597
exp1i;experimental;21;8;2670792
exp1i;experimental;21;9;4291675
exp1i;experimental;21;10;2658658
exp1i;plain;12;1;388750
exp1i;plain;12;2;375086
exp1i;plain;12;3;427226
exp1i;plain;12;4;421971
exp1i;plain;12;5;383256
exp1i;plain;12;6;368493
exp1i;plain;12;7;424972
exp1i;plain;12;8;432120
exp1i;plain;12;9;362776
exp1i;plain;12;10;400388
exp1i;control-customactionselection;4;1;2120632
exp1i;control-customactionselection;4;2;2619838
exp1i;control-customactionselection;4;3;2359269
exp1i;control-customactionselection;4;4;1638073
exp1i;control-customactionselection;4;5;2601093
exp1i;control-customactionselection;4;6;2294909
exp1i;control-customactionselection;4;7;1516661
exp1i;control-customactionselection;4;8;3242618
exp1i;control-customactionselection;4;9;2251121
exp1i;control-customactionselection;4;10;2334088
exp1i;experimental;82;1;2854132
exp1i;experimental;82;2;2692149
exp1i;experimental;82;3;1856215
exp1i;experimental;82;4;2160279
exp1i;experimental;82;5;2621254
exp1i;experimental;82;6;2572887
exp1i;experimental;82;7;2367119
exp1i;experimental;82;8;3212157
exp1i;experimental;82;9;2505028
exp1i;experimental;82;10;3496030
exp1i;control-defaultactionselection;6;1;2722847
exp1i;control-defaultactionselection;6;2;2525715
exp1i;control-defaultactionselection;6;3;1008735
exp1i;control-defaultactionselection;6;4;1799843
exp1i;control-defaultactionselection;6;5;2619409
exp1i;control-defaultactionselection;6;6;2677766
exp1i;control-defaultactionselection;6;7;1783667
exp1i;control-defaultactionselection;6;8;2352858
exp1i;control-defaultactionselection;6;9;2210185
exp1i;control-defaultactionselection;6;10;2130247
exp1i;plain;40;1;346852
exp1i;plain;40;2;367663
exp1i;plain;40;3;421001
exp1i;plain;40;4;387022
exp1i;plain;40;5;396387
exp1i;plain;40;6;359261
exp1i;plain;40;7;427348
exp1i;plain;40;8;344542
exp1i;plain;40;9;371765
exp1i;plain;40;10;410678
exp1i;experimental;26;1;2396261
exp1i;experimental;26;2;2267813
exp1i;experimental;26;3;2858238
exp1i;experimental;26;4;2780866
exp1i;experimental;26;5;8122880
exp1i;experimental;26;6;2727103
exp1i;experimental;26;7;2276095
exp1i;experimental;26;8;3279906
exp1i;experimental;26;9;2498998
exp1i;experimental;26;10;2235810
exp1i;control-defaultactionselection;50;1;2507176
exp1i;control-defaultactionselection;50;2;1595401
exp1i;control-defaultactionselection;50;3;1383262
exp1i;control-defaultactionselection;50;4;1858556
exp1i;control-defaultactionselection;50;5;2200796
exp1i;control-defaultactionselection;50;6;1542048
exp1i;control-defaultactionselection;50;7;1679382
exp1i;control-defaultactionselection;50;8;2741781
exp1i;control-defaultactionselection;50;9;1787753
exp1i;control-defaultactionselection;50;10;3083602
exp1i;control-customactionselection;18;1;2491535
exp1i;control-customactionselection;18;2;2403838
exp1i;control-customactionselection;18;3;1602506
exp1i;control-customactionselection;18;4;2227379
exp1i;control-customactionselection;18;5;2444740
exp1i;control-customactionselection;18;6;2176057
exp1i;control-customactionselection;18;7;2418765
exp1i;control-customactionselection;18;8;2798193
exp1i;control-customactionselection;18;9;2078812
exp1i;control-customactionselection;18;10;2029672
exp1i;control-defaultactionselection;23;1;1466357
exp1i;control-defaultactionselection;23;2;1483125
exp1i;control-defaultactionselection;23;3;2671761
exp1i;control-defaultactionselection;23;4;2478841
exp1i;control-defaultactionselection;23;5;2555897
exp1i;control-defaultactionselection;23;6;2136318
exp1i;control-defaultactionselection;23;7;1850038
exp1i;control-defaultactionselection;23;8;2592292
exp1i;control-defaultactionselection;23;9;2405545
exp1i;control-defaultactionselection;23;10;2044855
exp1i;control-defaultactionselection;31;1;2021066
exp1i;control-defaultactionselection;31;2;2346456
exp1i;control-defaultactionselection;31;3;2391310
exp1i;control-defaultactionselection;31;4;2424228
exp1i;control-defaultactionselection;31;5;2515427
exp1i;control-defaultactionselection;31;6;2198986
exp1i;control-defaultactionselection;31;7;1350610
exp1i;control-defaultactionselection;31;8;2382003
exp1i;control-defaultactionselection;31;9;1595844
exp1i;control-defaultactionselection;31;10;1997594
exp1i;plain;31;1;400339
exp1i;plain;31;2;349119
exp1i;plain;31;3;370303
exp1i;plain;31;4;393733
exp1i;plain;31;5;403612
exp1i;plain;31;6;432200
exp1i;plain;31;7;344327
exp1i;plain;31;8;427078
exp1i;plain;31;9;421702
exp1i;plain;31;10;369955
exp1i;experimental;13;1;2552964
exp1i;experimental;13;2;2742378
exp1i;experimental;13;3;3206006
exp1i;experimental;13;4;2886540
exp1i;experimental;13;5;2325004
exp1i;experimental;13;6;2368425
exp1i;experimental;13;7;2489996
exp1i;experimental;13;8;2600760
exp1i;experimental;13;9;2746863
exp1i;experimental;13;10;2653352
exp1i;control-defaultactionselection;2;1;1489961
exp1i;control-defaultactionselection;2;2;1463347
exp1i;control-defaultactionselection;2;3;2780595
exp1i;control-defaultactionselection;2;4;2503270
exp1i;control-defaultactionselection;2;5;2512624
exp1i;control-defaultactionselection;2;6;1575895
exp1i;control-defaultactionselection;2;7;2479820
exp1i;control-defaultactionselection;2;8;2326163
exp1i;control-defaultactionselection;2;9;1686980
exp1i;control-defaultactionselection;2;10;2428553
exp1i;experimental;61;1;3964712
exp1i;experimental;61;2;4138712
exp1i;experimental;61;3;3136301
exp1i;experimental;61;4;1793724
exp1i;experimental;61;5;1960877
exp1i;experimental;61;6;1863160
exp1i;experimental;61;7;2471702
exp1i;experimental;61;8;2353521
exp1i;experimental;61;9;2402754
exp1i;experimental;61;10;2625442
exp1i;plain;47;1;385135
exp1i;plain;47;2;413811
exp1i;plain;47;3;417895
exp1i;plain;47;4;413892
exp1i;plain;47;5;352778
exp1i;plain;47;6;386742
exp1i;plain;47;7;430585
exp1i;plain;47;8;387635
exp1i;plain;47;9;402802
exp1i;plain;47;10;430068
exp1i;control-customactionselection;9;1;2335553
exp1i;control-customactionselection;9;2;2397371
exp1i;control-customactionselection;9;3;2519929
exp1i;control-customactionselection;9;4;2361443
exp1i;control-customactionselection;9;5;2311586
exp1i;control-customactionselection;9;6;1725666
exp1i;control-customactionselection;9;7;2468354
exp1i;control-customactionselection;9;8;2637374
exp1i;control-customactionselection;9;9;2378940
exp1i;control-customactionselection;9;10;2674804
exp1i;control-customactionselection;31;1;2378848
exp1i;control-customactionselection;31;2;2303770
exp1i;control-customactionselection;31;3;2394246
exp1i;control-customactionselection;31;4;2479037
exp1i;control-customactionselection;31;5;2052910
exp1i;control-customactionselection;31;6;1799733
exp1i;control-customactionselection;31;7;2271430
exp1i;control-customactionselection;31;8;2270112
exp1i;control-customactionselection;31;9;2289437
exp1i;control-customactionselection;31;10;1838734
exp1i;control-defaultactionselection;28;1;2475646
exp1i;control-defaultactionselection;28;2;2188781
exp1i;control-defaultactionselection;28;3;2691053
exp1i;control-defaultactionselection;28;4;2828672
exp1i;control-defaultactionselection;28;5;2082548
exp1i;control-defaultactionselection;28;6;1888783
exp1i;control-defaultactionselection;28;7;2171832
exp1i;control-defaultactionselection;28;8;1764462
exp1i;control-defaultactionselection;28;9;1906681
exp1i;control-defaultactionselection;28;10;2436019
exp1i;control-customactionselection;19;1;1714638
exp1i;control-customactionselection;19;2;2487833
exp1i;control-customactionselection;19;3;2221523
exp1i;control-customactionselection;19;4;1971463
exp1i;control-customactionselection;19;5;1661721
exp1i;control-customactionselection;19;6;2222337
exp1i;control-customactionselection;19;7;2452085
exp1i;control-customactionselection;19;8;2142266
exp1i;control-customactionselection;19;9;2236882
exp1i;control-customactionselection;19;10;2184788
exp1i;experimental;24;1;2843973
exp1i;experimental;24;2;2669039
exp1i;experimental;24;3;7523232
exp1i;experimental;24;4;3246001
exp1i;experimental;24;5;2728848
exp1i;experimental;24;6;2335591
exp1i;experimental;24;7;3123052
exp1i;experimental;24;8;2891715
exp1i;experimental;24;9;1547200
exp1i;experimental;24;10;2824148
exp1i;control-defaultactionselection;26;1;2060112
exp1i;control-defaultactionselection;26;2;2400705
exp1i;control-defaultactionselection;26;3;2243446
exp1i;control-defaultactionselection;26;4;1593918
exp1i;control-defaultactionselection;26;5;2281765
exp1i;control-defaultactionselection;26;6;2315315
exp1i;control-defaultactionselection;26;7;2446205
exp1i;control-defaultactionselection;26;8;2263786
exp1i;control-defaultactionselection;26;9;2307716
exp1i;control-defaultactionselection;26;10;2765324
exp1i;plain;49;1;401321
exp1i;plain;49;2;392518
exp1i;plain;49;3;356786
exp1i;plain;49;4;405473
exp1i;plain;49;5;425879
exp1i;plain;49;6;354111
exp1i;plain;49;7;438477
exp1i;plain;49;8;430349
exp1i;plain;49;9;431614
exp1i;plain;49;10;450337
exp1i;control-customactionselection;46;1;2335067
exp1i;control-customactionselection;46;2;2466387
exp1i;control-customactionselection;46;3;1351808
exp1i;control-customactionselection;46;4;2163409
exp1i;control-customactionselection;46;5;2234812
exp1i;control-customactionselection;46;6;2115629
exp1i;control-customactionselection;46;7;2071078
exp1i;control-customactionselection;46;8;2426131
exp1i;control-customactionselection;46;9;2310572
exp1i;control-customactionselection;46;10;2434401
exp1i;control-customactionselection;15;1;2234052
exp1i;control-customactionselection;15;2;2253784
exp1i;control-customactionselection;15;3;2308514
exp1i;control-customactionselection;15;4;2030972
exp1i;control-customactionselection;15;5;2256773
exp1i;control-customactionselection;15;6;2043028
exp1i;control-customactionselection;15;7;2460871
exp1i;control-customactionselection;15;8;2321980
exp1i;control-customactionselection;15;9;2397850
exp1i;control-customactionselection;15;10;2434561
exp1i;control-defaultactionselection;51;1;2952187
exp1i;control-defaultactionselection;51;2;2317074
exp1i;control-defaultactionselection;51;3;1931196
exp1i;control-defaultactionselection;51;4;2479342
exp1i;control-defaultactionselection;51;5;2685897
exp1i;control-defaultactionselection;51;6;1806172
exp1i;control-defaultactionselection;51;7;2382064
exp1i;control-defaultactionselection;51;8;2669143
exp1i;control-defaultactionselection;51;9;2427841
exp1i;control-defaultactionselection;51;10;2269937
exp1i;experimental;2;1;2678020
exp1i;experimental;2;2;2690188
exp1i;experimental;2;3;2650562
exp1i;experimental;2;4;1558718
exp1i;experimental;2;5;2321390
exp1i;experimental;2;6;2768385
exp1i;experimental;2;7;2873536
exp1i;experimental;2;8;11855768
exp1i;experimental;2;9;4863876
exp1i;experimental;2;10;5447056
exp1i;experimental;23;1;2717820
exp1i;experimental;23;2;3080945
exp1i;experimental;23;3;2217292
exp1i;experimental;23;4;1892116
exp1i;experimental;23;5;2569473
exp1i;experimental;23;6;2814196
exp1i;experimental;23;7;3042546
exp1i;experimental;23;8;2624684
exp1i;experimental;23;9;2476625
exp1i;experimental;23;10;2514920
exp1i;control-defaultactionselection;43;1;2315073
exp1i;control-defaultactionselection;43;2;1983529
exp1i;control-defaultactionselection;43;3;1658376
exp1i;control-defaultactionselection;43;4;1535855
exp1i;control-defaultactionselection;43;5;2082771
exp1i;control-defaultactionselection;43;6;1878167
exp1i;control-defaultactionselection;43;7;2555246
exp1i;control-defaultactionselection;43;8;1492457
exp1i;control-defaultactionselection;43;9;2548774
exp1i;control-defaultactionselection;43;10;1974624
exp1i;control-customactionselection;53;1;2204146
exp1i;control-customactionselection;53;2;2426503
exp1i;control-customactionselection;53;3;2231552
exp1i;control-customactionselection;53;4;2218573
exp1i;control-customactionselection;53;5;2042748
exp1i;control-customactionselection;53;6;2182586
exp1i;control-customactionselection;53;7;2770671
exp1i;control-customactionselection;53;8;2360889
exp1i;control-customactionselection;53;9;2038750
exp1i;control-customactionselection;53;10;2248099
exp1i;experimental;49;1;1713411
exp1i;experimental;49;2;2063845
exp1i;experimental;49;3;2265484
exp1i;experimental;49;4;1889152
exp1i;experimental;49;5;2914425
exp1i;experimental;49;6;2626562
exp1i;experimental;49;7;2366245
exp1i;experimental;49;8;2907545
exp1i;experimental;49;9;2646338
exp1i;experimental;49;10;2732983
exp1i;experimental;18;1;2589956
exp1i;experimental;18;2;2820423
exp1i;experimental;18;3;2318339
exp1i;experimental;18;4;2383708
exp1i;experimental;18;5;2829649
exp1i;experimental;18;6;2297707
exp1i;experimental;18;7;2551876
exp1i;experimental;18;8;2557011
exp1i;experimental;18;9;2945898
exp1i;experimental;18;10;2678088
exp1i;experimental;36;1;2888129
exp1i;experimental;36;2;5643036
exp1i;experimental;36;3;4151887
exp1i;experimental;36;4;2708761
exp1i;experimental;36;5;1671411
exp1i;experimental;36;6;3258214
exp1i;experimental;36;7;3163171
exp1i;experimental;36;8;4091134
exp1i;experimental;36;9;3630105
exp1i;experimental;36;10;3629620
exp1i;plain;42;1;430456
exp1i;plain;42;2;433201
exp1i;plain;42;3;416444
exp1i;plain;42;4;364750
exp1i;plain;42;5;415976
exp1i;plain;42;6;393561
exp1i;plain;42;7;403831
exp1i;plain;42;8;374163
exp1i;plain;42;9;401673
exp1i;plain;42;10;421894
exp1i;control-customactionselection;26;1;2153232
exp1i;control-customactionselection;26;2;2013863
exp1i;control-customactionselection;26;3;2178345
exp1i;control-customactionselection;26;4;2079859
exp1i;control-customactionselection;26;5;1695176
exp1i;control-customactionselection;26;6;2245353
exp1i;control-customactionselection;26;7;3087871
exp1i;control-customactionselection;26;8;2356746
exp1i;control-customactionselection;26;9;1876065
exp1i;control-customactionselection;26;10;1932867
exp1i;control-defaultactionselection;35;1;1678680
exp1i;control-defaultactionselection;35;2;2732973
exp1i;control-defaultactionselection;35;3;1904938
exp1i;control-defaultactionselection;35;4;2803529
exp1i;control-defaultactionselection;35;5;2304369
exp1i;control-defaultactionselection;35;6;2585855
exp1i;control-defaultactionselection;35;7;2240476
exp1i;control-defaultactionselection;35;8;3161532
exp1i;control-defaultactionselection;35;9;2442253
exp1i;control-defaultactionselection;35;10;1424571
exp1i;control-defaultactionselection;45;1;1672377
exp1i;control-defaultactionselection;45;2;2316889
exp1i;control-defaultactionselection;45;3;1388687
exp1i;control-defaultactionselection;45;4;2578187
exp1i;control-defaultactionselection;45;5;1426773
exp1i;control-defaultactionselection;45;6;2207692
exp1i;control-defaultactionselection;45;7;2201858
exp1i;control-defaultactionselection;45;8;2552392
exp1i;control-defaultactionselection;45;9;3020709
exp1i;control-defaultactionselection;45;10;2144224
exp1i;plain;37;1;357660
exp1i;plain;37;2;354854
exp1i;plain;37;3;409386
exp1i;plain;37;4;342072
exp1i;plain;37;5;377919
exp1i;plain;37;6;393433
exp1i;plain;37;7;375696
exp1i;plain;37;8;349611
exp1i;plain;37;9;394676
exp1i;plain;37;10;356523
exp1i;plain;19;1;407553
exp1i;plain;19;2;385460
exp1i;plain;19;3;433989
exp1i;plain;19;4;367635
exp1i;plain;19;5;361709
exp1i;plain;19;6;433387
exp1i;plain;19;7;402363
exp1i;plain;19;8;444223
exp1i;plain;19;9;411602
exp1i;plain;19;10;402823
exp1i;control-defaultactionselection;29;1;1684310
exp1i;control-defaultactionselection;29;2;1484660
exp1i;control-defaultactionselection;29;3;2361147
exp1i;control-defaultactionselection;29;4;1555100
exp1i;control-defaultactionselection;29;5;2357543
exp1i;control-defaultactionselection;29;6;2565498
exp1i;control-defaultactionselection;29;7;1878855
exp1i;control-defaultactionselection;29;8;2417240
exp1i;control-defaultactionselection;29;9;1618686
exp1i;control-defaultactionselection;29;10;2342000
exp1i;experimental;27;1;1924168
exp1i;experimental;27;2;2298260
exp1i;experimental;27;3;2464269
exp1i;experimental;27;4;2689505
exp1i;experimental;27;5;3030132
exp1i;experimental;27;6;1836407
exp1i;experimental;27;7;2453276
exp1i;experimental;27;8;2207502
exp1i;experimental;27;9;2755581
exp1i;experimental;27;10;2402324
exp1i;control-defaultactionselection;17;1;1548986
exp1i;control-defaultactionselection;17;2;2520546
exp1i;control-defaultactionselection;17;3;1631768
exp1i;control-defaultactionselection;17;4;1488002
exp1i;control-defaultactionselection;17;5;2700043
exp1i;control-defaultactionselection;17;6;2100939
exp1i;control-defaultactionselection;17;7;2513445
exp1i;control-defaultactionselection;17;8;1811332
exp1i;control-defaultactionselection;17;9;1595065
exp1i;control-defaultactionselection;17;10;1433997
exp1i;control-defaultactionselection;14;1;2603675
exp1i;control-defaultactionselection;14;2;1503706
exp1i;control-defaultactionselection;14;3;1613889
exp1i;control-defaultactionselection;14;4;1461562
exp1i;control-defaultactionselection;14;5;1643182
exp1i;control-defaultactionselection;14;6;1434625
exp1i;control-defaultactionselection;14;7;1668351
exp1i;control-defaultactionselection;14;8;2844334
exp1i;control-defaultactionselection;14;9;1444587
exp1i;control-defaultactionselection;14;10;1673636
exp1i;control-customactionselection;57;1;2059320
exp1i;control-customactionselection;57;2;2349235
exp1i;control-customactionselection;57;3;2076756
exp1i;control-customactionselection;57;4;2171122
exp1i;control-customactionselection;57;5;2104525
exp1i;control-customactionselection;57;6;1682038
exp1i;control-customactionselection;57;7;2395273
exp1i;control-customactionselection;57;8;5051833
exp1i;control-customactionselection;57;9;4030449
exp1i;control-customactionselection;57;10;1450832
exp1i;control-defaultactionselection;47;1;3098326
exp1i;control-defaultactionselection;47;2;2289878
exp1i;control-defaultactionselection;47;3;2135306
exp1i;control-defaultactionselection;47;4;1765421
exp1i;control-defaultactionselection;47;5;1705231
exp1i;control-defaultactionselection;47;6;1383544
exp1i;control-defaultactionselection;47;7;1643671
exp1i;control-defaultactionselection;47;8;2400347
exp1i;control-defaultactionselection;47;9;2492591
exp1i;control-defaultactionselection;47;10;2429453
exp1i;experimental;52;1;2603285
exp1i;experimental;52;2;2784354
exp1i;experimental;52;3;2796774
exp1i;experimental;52;4;2513031
exp1i;experimental;52;5;1809751
exp1i;experimental;52;6;6881199
exp1i;experimental;52;7;2112493
exp1i;experimental;52;8;2596949
exp1i;experimental;52;9;2839132
exp1i;experimental;52;10;2237948
exp1i;plain;34;1;428588
exp1i;plain;34;2;353211
exp1i;plain;34;3;391802
exp1i;plain;34;4;410692
exp1i;plain;34;5;426230
exp1i;plain;34;6;343916
exp1i;plain;34;7;358364
exp1i;plain;34;8;421875
exp1i;plain;34;9;376733
exp1i;plain;34;10;417453
exp1i;plain;35;1;412316
exp1i;plain;35;2;407662
exp1i;plain;35;3;394779
exp1i;plain;35;4;359732
exp1i;plain;35;5;398281
exp1i;plain;35;6;348193
exp1i;plain;35;7;381480
exp1i;plain;35;8;341683
exp1i;plain;35;9;404844
exp1i;plain;35;10;416759
exp1i;experimental;32;1;2835966
exp1i;experimental;32;2;3321868
exp1i;experimental;32;3;3199709
exp1i;experimental;32;4;6328365
exp1i;experimental;32;5;2695341
exp1i;experimental;32;6;1728817
exp1i;experimental;32;7;2739476
exp1i;experimental;32;8;2319938
exp1i;experimental;32;9;1808419
exp1i;experimental;32;10;2161979
exp1i;experimental;42;1;3016352
exp1i;experimental;42;2;2707741
exp1i;experimental;42;3;2849890
exp1i;experimental;42;4;2696587
exp1i;experimental;42;5;2938856
exp1i;experimental;42;6;3237289
exp1i;experimental;42;7;2355991
exp1i;experimental;42;8;2565088
exp1i;experimental;42;9;2347434
exp1i;experimental;42;10;2845927
exp1i;control-customactionselection;56;1;1651703
exp1i;control-customactionselection;56;2;1326780
exp1i;control-customactionselection;56;3;2254637
exp1i;control-customactionselection;56;4;2170755
exp1i;control-customactionselection;56;5;2148635
exp1i;control-customactionselection;56;6;2766085
exp1i;control-customactionselection;56;7;2399984
exp1i;control-customactionselection;56;8;2400504
exp1i;control-customactionselection;56;9;2413723
exp1i;control-customactionselection;56;10;2486814
exp1i;control-customactionselection;2;1;1927618
exp1i;control-customactionselection;2;2;1349960
exp1i;control-customactionselection;2;3;2421708
exp1i;control-customactionselection;2;4;2350844
exp1i;control-customactionselection;2;5;2427050
exp1i;control-customactionselection;2;6;2240841
exp1i;control-customactionselection;2;7;2366043
exp1i;control-customactionselection;2;8;2197343
exp1i;control-customactionselection;2;9;1970463
exp1i;control-customactionselection;2;10;2286445
exp1i;experimental;44;1;2966342
exp1i;experimental;44;2;2363639
exp1i;experimental;44;3;3772634
exp1i;experimental;44;4;1606412
exp1i;experimental;44;5;2803842
exp1i;experimental;44;6;1866951
exp1i;experimental;44;7;3163566
exp1i;experimental;44;8;2990484
exp1i;experimental;44;9;2469455
exp1i;experimental;44;10;2561165
exp1i;plain;23;1;414954
exp1i;plain;23;2;421064
exp1i;plain;23;3;428200
exp1i;plain;23;4;355961
exp1i;plain;23;5;424831
exp1i;plain;23;6;418333
exp1i;plain;23;7;371469
exp1i;plain;23;8;335456
exp1i;plain;23;9;401280
exp1i;plain;23;10;426358
exp1i;control-defaultactionselection;16;1;3035656
exp1i;control-defaultactionselection;16;2;2273075
exp1i;control-defaultactionselection;16;3;2011404
exp1i;control-defaultactionselection;16;4;2688050
exp1i;control-defaultactionselection;16;5;2942293
exp1i;control-defaultactionselection;16;6;2710921
exp1i;control-defaultactionselection;16;7;2186023
exp1i;control-defaultactionselection;16;8;1643894
exp1i;control-defaultactionselection;16;9;1973423
exp1i;control-defaultactionselection;16;10;1593507
exp1i;experimental;16;1;2971044
exp1i;experimental;16;2;2351152
exp1i;experimental;16;3;4111804
exp1i;experimental;16;4;2716188
exp1i;experimental;16;5;2885488
exp1i;experimental;16;6;2519133
exp1i;experimental;16;7;2445231
exp1i;experimental;16;8;2701119
exp1i;experimental;16;9;2519399
exp1i;experimental;16;10;2574633
exp1i;plain;22;1;417452
exp1i;plain;22;2;341900
exp1i;plain;22;3;417462
exp1i;plain;22;4;425428
exp1i;plain;22;5;423725
exp1i;plain;22;6;412546
exp1i;plain;22;7;411528
exp1i;plain;22;8;359349
exp1i;plain;22;9;420869
exp1i;plain;22;10;413071
exp1i;control-defaultactionselection;52;1;2512552
exp1i;control-defaultactionselection;52;2;2579744
exp1i;control-defaultactionselection;52;3;1620171
exp1i;control-defaultactionselection;52;4;2398907
exp1i;control-defaultactionselection;52;5;2410915
exp1i;control-defaultactionselection;52;6;1454665
exp1i;control-defaultactionselection;52;7;2734812
exp1i;control-defaultactionselection;52;8;2638004
exp1i;control-defaultactionselection;52;9;2252233
exp1i;control-defaultactionselection;52;10;2284092
exp1i;control-defaultactionselection;13;1;2741221
exp1i;control-defaultactionselection;13;2;1657740
exp1i;control-defaultactionselection;13;3;2026068
exp1i;control-defaultactionselection;13;4;1671714
exp1i;control-defaultactionselection;13;5;1010037
exp1i;control-defaultactionselection;13;6;2301856
exp1i;control-defaultactionselection;13;7;1676302
exp1i;control-defaultactionselection;13;8;1435315
exp1i;control-defaultactionselection;13;9;2698452
exp1i;control-defaultactionselection;13;10;2446798
exp1i;plain;21;1;433886
exp1i;plain;21;2;364229
exp1i;plain;21;3;421013
exp1i;plain;21;4;372523
exp1i;plain;21;5;351612
exp1i;plain;21;6;379461
exp1i;plain;21;7;353577
exp1i;plain;21;8;381803
exp1i;plain;21;9;406641
exp1i;plain;21;10;386974
exp1i;plain;38;1;365327
exp1i;plain;38;2;347119
exp1i;plain;38;3;349434
exp1i;plain;38;4;405591
exp1i;plain;38;5;354042
exp1i;plain;38;6;359752
exp1i;plain;38;7;362718
exp1i;plain;38;8;356082
exp1i;plain;38;9;356723
exp1i;plain;38;10;421940
exp1i;plain;33;1;425772
exp1i;plain;33;2;435382
exp1i;plain;33;3;408743
exp1i;plain;33;4;356570
exp1i;plain;33;5;405770
exp1i;plain;33;6;409580
exp1i;plain;33;7;426352
exp1i;plain;33;8;417736
exp1i;plain;33;9;419375
exp1i;plain;33;10;420252
exp1i;control-customactionselection;8;1;2517584
exp1i;control-customactionselection;8;2;2699766
exp1i;control-customactionselection;8;3;2648013
exp1i;control-customactionselection;8;4;2298515
exp1i;control-customactionselection;8;5;2102253
exp1i;control-customactionselection;8;6;2654162
exp1i;control-customactionselection;8;7;1372565
exp1i;control-customactionselection;8;8;3649461
exp1i;control-customactionselection;8;9;7472799
exp1i;experimental;58;1;2071246
exp1i;experimental;58;2;2648852
exp1i;experimental;58;3;2725427
exp1i;experimental;58;4;2923499
exp1i;experimental;58;5;2645849
exp1i;experimental;58;6;2815007
exp1i;experimental;58;7;4041615
exp1i;experimental;58;8;2311496
exp1i;experimental;58;9;2718772
exp1i;experimental;58;10;2873307
exp1i;experimental;92;1;2685759
exp1i;experimental;92;2;2387753
exp1i;experimental;92;3;2397883
exp1i;experimental;92;4;2865618
exp1i;experimental;92;5;2666912
exp1i;experimental;92;6;2247716
exp1i;experimental;92;7;2387129
exp1i;experimental;92;8;2388239
exp1i;experimental;92;9;2416711
exp1i;experimental;92;10;2548594
exp1i;control-customactionselection;33;1;2318086
exp1i;control-customactionselection;33;2;1684665
exp1i;control-customactionselection;33;3;2045473
exp1i;control-customactionselection;33;4;2627120
exp1i;control-customactionselection;33;5;1413149
exp1i;control-customactionselection;33;6;2009713
exp1i;control-customactionselection;33;7;1624581
exp1i;control-customactionselection;33;8;2240734
exp1i;control-customactionselection;33;9;2028088
exp1i;control-customactionselection;33;10;2173359
exp1i;control-defaultactionselection;3;1;1719861
exp1i;control-defaultactionselection;3;2;2615677
exp1i;control-defaultactionselection;3;3;2542682
exp1i;control-defaultactionselection;3;4;1801023
exp1i;control-defaultactionselection;3;5;1850924
exp1i;control-defaultactionselection;3;6;2542748
exp1i;control-defaultactionselection;3;7;1843096
exp1i;control-defaultactionselection;3;8;2363718
exp1i;control-defaultactionselection;3;9;2816374
exp1i;control-defaultactionselection;3;10;2806618
exp1i;plain;32;1;401399
exp1i;plain;32;2;407820
exp1i;plain;32;3;414073
exp1i;plain;32;4;346362
exp1i;plain;32;5;347376
exp1i;plain;32;6;376609
exp1i;plain;32;7;350306
exp1i;plain;32;8;348556
exp1i;plain;32;9;363366
exp1i;plain;32;10;419704
exp1i;control-customactionselection;1;1;2239979
exp1i;control-customactionselection;1;2;2216643
exp1i;control-customactionselection;1;3;2251125
exp1i;control-customactionselection;1;4;2202993
exp1i;control-customactionselection;1;5;2262355
exp1i;control-customactionselection;1;6;2748916
exp1i;control-customactionselection;1;7;1288543
exp1i;control-customactionselection;1;8;2249842
exp1i;control-customactionselection;1;9;2234507
exp1i;control-customactionselection;1;10;1434052
exp1i;plain;14;1;424734
exp1i;plain;14;2;358144
exp1i;plain;14;3;414836
exp1i;plain;14;4;360657
exp1i;plain;14;5;446838
exp1i;plain;14;6;430854
exp1i;plain;14;7;372689
exp1i;plain;14;8;410872
exp1i;plain;14;9;432557
exp1i;plain;14;10;424758
exp1i;control-customactionselection;41;1;2064001
exp1i;control-customactionselection;41;2;1948703
exp1i;control-customactionselection;41;3;2454478
exp1i;control-customactionselection;41;4;2439434
exp1i;control-customactionselection;41;5;2191625
exp1i;control-customactionselection;41;6;2554843
exp1i;control-customactionselection;41;7;1953552
exp1i;control-customactionselection;41;8;2304473
exp1i;control-customactionselection;41;9;1913227
exp1i;control-customactionselection;41;10;2219244
exp1i;control-customactionselection;21;1;2578090
exp1i;control-customactionselection;21;2;2425039
exp1i;control-customactionselection;21;3;2165780
exp1i;control-customactionselection;21;4;1982941
exp1i;control-customactionselection;21;5;2301241
exp1i;control-customactionselection;21;6;1640766
exp1i;control-customactionselection;21;7;2202640
exp1i;control-customactionselection;21;8;2155031
exp1i;control-customactionselection;21;9;2341311
exp1i;control-customactionselection;21;10;1400348
exp1i;experimental;57;1;2045214
exp1i;experimental;57;2;1572003
exp1i;experimental;57;3;2359608
exp1i;experimental;57;4;2382456
exp1i;experimental;57;5;2785896
exp1i;experimental;57;6;2479768
exp1i;experimental;57;7;2246509
exp1i;experimental;57;8;2618634
exp1i;experimental;57;9;2609193
exp1i;experimental;57;10;2767293
exp1i;control-defaultactionselection;27;1;2423710
exp1i;control-defaultactionselection;27;2;1353050
exp1i;control-defaultactionselection;27;3;1854897
exp1i;control-defaultactionselection;27;4;2457388
exp1i;control-defaultactionselection;27;5;2730602
exp1i;control-defaultactionselection;27;6;2312279
exp1i;control-defaultactionselection;27;7;2201758
exp1i;control-defaultactionselection;27;8;2119558
exp1i;control-defaultactionselection;27;9;2633757
exp1i;control-defaultactionselection;27;10;1544102
exp1i;experimental;17;1;2612796
exp1i;experimental;17;2;2895061
exp1i;experimental;17;3;2559326
exp1i;experimental;17;4;2374569
exp1i;experimental;17;5;1851875
exp1i;experimental;17;6;2144994
exp1i;experimental;17;7;2604512
exp1i;experimental;17;8;2307079
exp1i;experimental;17;9;1906131
exp1i;experimental;17;10;2699482
exp1i;experimental;51;1;2651207
exp1i;experimental;51;2;2348202
exp1i;experimental;51;3;4835786
exp1i;experimental;51;4;3840163
exp1i;experimental;51;5;2501227
exp1i;experimental;51;6;2751003
exp1i;experimental;51;7;2090825
exp1i;experimental;51;8;2877046
exp1i;experimental;51;9;2546465
exp1i;experimental;51;10;2513408
exp1i;experimental;34;1;3243306
exp1i;experimental;34;2;1898165
exp1i;experimental;34;3;2483199
exp1i;experimental;34;4;2367454
exp1i;experimental;34;5;5248281
exp1i;experimental;34;6;2463329
exp1i;experimental;34;7;1787568
exp1i;experimental;34;8;2981047
exp1i;experimental;34;9;4528835
exp1i;experimental;34;10;3440640
exp1i;experimental;62;1;1644267
exp1i;experimental;62;2;3576333
exp1i;experimental;62;3;1964346
exp1i;experimental;62;4;1938097
exp1i;experimental;62;5;1608034
exp1i;experimental;62;6;3125206
exp1i;experimental;62;7;2593422
exp1i;experimental;62;8;3051074
exp1i;experimental;62;9;2617807
exp1i;experimental;62;10;2416181
exp1i;control-defaultactionselection;36;1;1650384
exp1i;control-defaultactionselection;36;2;1666156
exp1i;control-defaultactionselection;36;3;2113158
exp1i;control-defaultactionselection;36;4;1912866
exp1i;control-defaultactionselection;36;5;2129058
exp1i;control-defaultactionselection;36;6;2144125
exp1i;control-defaultactionselection;36;7;1942118
exp1i;control-defaultactionselection;36;8;1965825
exp1i;control-defaultactionselection;36;9;2473916
exp1i;control-defaultactionselection;36;10;2197490
exp1i;control-defaultactionselection;38;1;2646142
exp1i;control-defaultactionselection;38;2;2359819
exp1i;control-defaultactionselection;38;3;1544535
exp1i;control-defaultactionselection;38;4;2104082
exp1i;control-defaultactionselection;38;5;2656740
exp1i;control-defaultactionselection;38;6;9326620
exp1i;experimental;55;1;3231220
exp1i;experimental;55;2;3211123
exp1i;experimental;55;3;2561004
exp1i;experimental;55;4;2398373
exp1i;experimental;55;5;1999040
exp1i;experimental;55;6;2359988
exp1i;experimental;55;7;2702599
exp1i;experimental;55;8;1831120
exp1i;experimental;55;9;4037778
exp1i;experimental;55;10;1859790
exp1i;control-defaultactionselection;39;1;2173492
exp1i;control-customactionselection;45;1;2390449
exp1i;control-customactionselection;45;2;1100951
exp1i;control-customactionselection;45;3;2239310
exp1i;control-customactionselection;45;4;2509695
exp1i;control-customactionselection;45;5;1475193
exp1i;control-customactionselection;45;6;1292032
exp1i;control-customactionselection;45;7;1638680
exp1i;control-customactionselection;45;8;2330374
exp1i;control-customactionselection;45;9;2073865
exp1i;control-customactionselection;45;10;2295915
exp1i;experimental;54;1;2826409
exp1i;experimental;54;2;2782657
exp1i;experimental;54;3;2155136
exp1i;experimental;54;4;2754044
exp1i;experimental;54;5;1464811
exp1i;experimental;54;6;2743506
exp1i;experimental;54;7;2509852
exp1i;experimental;54;8;2634910
exp1i;experimental;54;9;2244951
exp1i;experimental;54;10;2228036
exp1i;control-customactionselection;3;1;2187166
exp1i;control-customactionselection;3;2;2161050
exp1i;control-customactionselection;3;3;2289595
exp1i;control-customactionselection;3;4;2116304
exp1i;control-customactionselection;3;5;2346437
exp1i;control-customactionselection;3;6;1899902
exp1i;control-customactionselection;3;7;1920727
exp1i;control-customactionselection;3;8;2193681
exp1i;control-customactionselection;3;9;2537612
exp1i;control-customactionselection;3;10;2049081
exp1i;control-customactionselection;44;1;2615446
exp1i;control-customactionselection;44;2;2280168
exp1i;control-customactionselection;44;3;2143383
exp1i;control-customactionselection;44;4;2384573
exp1i;control-customactionselection;44;5;2207039
exp1i;control-customactionselection;44;6;1380337
exp1i;control-customactionselection;44;7;1394407
exp1i;control-customactionselection;44;8;2292686
exp1i;control-customactionselection;44;9;2557901
exp1i;control-customactionselection;44;10;2031839
exp1i;control-customactionselection;25;1;2118871
exp1i;control-customactionselection;25;2;2274177
exp1i;control-customactionselection;25;3;2172502
exp1i;control-customactionselection;25;4;1638546
exp1i;control-customactionselection;25;5;2195730
exp1i;control-customactionselection;25;6;2199418
exp1i;control-customactionselection;25;7;1850061
exp1i;control-customactionselection;25;8;2338274
exp1i;control-customactionselection;25;9;2099149
exp1i;control-customactionselection;25;10;2431232
exp1i;plain;15;1;395834
exp1i;plain;15;2;346376
exp1i;plain;15;3;350819
exp1i;plain;15;4;417597
exp1i;plain;15;5;396163
exp1i;plain;15;6;429433
exp1i;plain;15;7;363628
exp1i;plain;15;8;375974
exp1i;plain;15;9;416457
exp1i;plain;15;10;388516
exp1i;plain;9;1;442670
exp1i;plain;9;2;369219
exp1i;plain;9;3;351657
exp1i;plain;9;4;419407
exp1i;plain;9;5;433843
exp1i;plain;9;6;413566
exp1i;plain;9;7;434815
exp1i;plain;9;8;403451
exp1i;plain;9;9;371206
exp1i;plain;9;10;422333
exp1i;control-customactionselection;38;1;2139953
exp1i;control-customactionselection;38;2;2231394
exp1i;control-customactionselection;38;3;2240892
exp1i;control-customactionselection;38;4;2210133
exp1i;control-customactionselection;38;5;2508780
exp1i;control-customactionselection;38;6;2097506
exp1i;control-customactionselection;38;7;1761771
exp1i;control-customactionselection;38;8;2687087
exp1i;control-customactionselection;38;9;1366721
exp1i;control-customactionselection;38;10;2549317
exp1i;experimental;33;1;3461883
exp1i;experimental;33;2;2637083
exp1i;experimental;33;3;2940854
exp1i;experimental;33;4;2880929
exp1i;experimental;33;5;2684519
exp1i;experimental;33;6;2525429
exp1i;experimental;33;7;1890292
exp1i;experimental;33;8;2243582
exp1i;experimental;33;9;2517768
exp1i;experimental;33;10;2353950
exp1i;experimental;45;1;3811426
exp1i;experimental;45;2;2465739
exp1i;experimental;45;3;2747498
exp1i;experimental;45;4;4453740
exp1i;experimental;45;5;2792469
exp1i;experimental;45;6;2713176
exp1i;experimental;45;7;1842852
exp1i;experimental;45;8;2502365
exp1i;experimental;45;9;2650634
exp1i;experimental;45;10;1663036
exp1i;control-defaultactionselection;4;1;2728394
exp1i;control-defaultactionselection;4;2;2203768
exp1i;control-defaultactionselection;4;3;2295365
exp1i;control-defaultactionselection;4;4;2648821
exp1i;control-defaultactionselection;4;5;1407610
exp1i;control-defaultactionselection;4;6;2741227
exp1i;control-defaultactionselection;4;7;2603737
exp1i;control-defaultactionselection;4;8;2581569
exp1i;control-defaultactionselection;4;9;2574155
exp1i;control-defaultactionselection;4;10;2191219
exp1i;plain;8;1;358847
exp1i;plain;8;2;402930
exp1i;plain;8;3;399741
exp1i;plain;8;4;370805
exp1i;plain;8;5;359583
exp1i;plain;8;6;399855
exp1i;plain;8;7;357968
exp1i;plain;8;8;429275
exp1i;plain;8;9;441328
exp1i;plain;8;10;411424
exp1i;experimental;14;1;4659286
exp1i;experimental;14;2;3047792
exp1i;experimental;14;3;3934933
exp1i;experimental;14;4;2729083
exp1i;experimental;14;5;2641467
exp1i;experimental;14;6;2391509
exp1i;experimental;14;7;1666685
exp1i;experimental;14;8;2785703
exp1i;experimental;14;9;2775163
exp1i;experimental;14;10;1009764
exp1i;control-defaultactionselection;20;1;3110050
exp1i;control-defaultactionselection;20;2;2209943
exp1i;control-defaultactionselection;20;3;2043272
exp1i;control-defaultactionselection;20;4;3264605
exp1i;control-defaultactionselection;20;5;2316063
exp1i;control-defaultactionselection;20;6;1434715
exp1i;control-defaultactionselection;20;7;2873776
exp1i;control-defaultactionselection;20;8;2263057
exp1i;control-defaultactionselection;20;9;2642489
exp1i;control-defaultactionselection;20;10;2863056
exp1i;experimental;6;1;3243436
exp1i;experimental;6;2;2024967
exp1i;experimental;6;3;1693473
exp1i;experimental;6;4;2207841
exp1i;experimental;6;5;2603802
exp1i;experimental;6;6;2406018
exp1i;experimental;6;7;1507067
exp1i;experimental;6;8;4068475
exp1i;experimental;6;9;1935802
exp1i;experimental;6;10;3032019
exp1i;experimental;91;1;2610629
exp1i;experimental;91;2;1862357
exp1i;experimental;91;3;3144691
exp1i;experimental;91;4;2634433
exp1i;experimental;91;5;3643070
exp1i;experimental;91;6;2759078
exp1i;experimental;91;7;1619444
exp1i;experimental;91;8;2728303
exp1i;experimental;91;9;2861257
exp1i;experimental;91;10;3106926
exp1i;experimental;31;1;2672849
exp1i;experimental;31;2;2405028
exp1i;experimental;31;3;2069004
exp1i;experimental;31;4;2606508
exp1i;experimental;31;5;3332314
exp1i;experimental;31;6;2977662
exp1i;experimental;31;7;2415304
exp1i;experimental;31;8;3049622
exp1i;experimental;31;9;3304013
exp1i;experimental;31;10;2574026
exp1i;experimental;22;1;1599532
exp1i;experimental;22;2;3195013
exp1i;experimental;22;3;2512885
exp1i;experimental;22;4;2533060
exp1i;experimental;22;5;2505663
exp1i;experimental;22;6;3121491
exp1i;experimental;22;7;2378597
exp1i;experimental;22;8;3620815
exp1i;experimental;22;9;1683415
exp1i;experimental;22;10;2050805
exp1i;control-customactionselection;55;1;2229970
exp1i;control-customactionselection;55;2;2040208
exp1i;control-customactionselection;55;3;2541736
exp1i;control-customactionselection;55;4;2060282
exp1i;control-customactionselection;55;5;2309895
exp1i;control-customactionselection;55;6;1295243
exp1i;control-customactionselection;55;7;2510332
exp1i;control-customactionselection;55;8;2517170
exp1i;control-customactionselection;55;9;2341598
exp1i;control-customactionselection;55;10;1765845
exp1i;control-customactionselection;34;1;2633539
exp1i;control-customactionselection;34;2;2072407
exp1i;control-customactionselection;34;3;1500694
exp1i;control-customactionselection;34;4;2282903
exp1i;control-customactionselection;34;5;1486156
exp1i;control-customactionselection;34;6;2199359
exp1i;control-customactionselection;34;7;2385804
exp1i;control-customactionselection;34;8;1437920
exp1i;control-customactionselection;34;9;2941492
exp1i;control-customactionselection;34;10;1957259
exp1i;control-customactionselection;42;1;2173066
exp1i;control-customactionselection;42;2;2405856
exp1i;control-customactionselection;42;3;2235811
exp1i;control-customactionselection;42;4;2082198
exp1i;control-customactionselection;42;5;1331972
exp1i;control-customactionselection;42;6;2171074
exp1i;control-customactionselection;42;7;2941510
exp1i;control-customactionselection;42;8;1980006
exp1i;control-customactionselection;42;9;1719804
exp1i;control-customactionselection;42;10;2331147
exp1i;control-customactionselection;35;1;2394003
exp1i;control-customactionselection;35;2;2212628
exp1i;control-customactionselection;35;3;2208451
exp1i;control-customactionselection;35;4;2324148
exp1i;control-customactionselection;35;5;2189187
exp1i;control-customactionselection;35;6;1980820
exp1i;control-customactionselection;35;7;2098855
exp1i;control-customactionselection;35;8;2193075
exp1i;control-customactionselection;35;9;2113239
exp1i;control-customactionselection;35;10;2395104
exp1i;experimental;11;1;3044007
exp1i;experimental;11;2;3009189
exp1i;experimental;11;3;2775715
exp1i;experimental;11;4;3447419
exp1i;experimental;11;5;2495971
exp1i;experimental;11;6;2597652
exp1i;experimental;11;7;2114585
exp1i;control-customactionselection;23;1;2529695
exp1i;control-customactionselection;23;2;2276159
exp1i;control-customactionselection;23;3;1350984
exp1i;control-customactionselection;23;4;2183087
exp1i;control-customactionselection;23;5;1859328
exp1i;control-customactionselection;23;6;2189975
exp1i;control-customactionselection;23;7;2095310
exp1i;control-customactionselection;23;8;2198335
exp1i;control-customactionselection;23;9;2048152
exp1i;control-customactionselection;23;10;2280018
exp1i;experimental;37;1;3189415
exp1i;experimental;37;2;2831754
exp1i;experimental;37;3;2532412
exp1i;experimental;37;4;2286677
exp1i;experimental;37;5;2854480
exp1i;experimental;37;6;3161669
exp1i;experimental;37;7;2935685
exp1i;experimental;37;8;2928663
exp1i;experimental;37;9;2734436
exp1i;experimental;37;10;1592012
exp1i;control-customactionselection;32;1;2577293
exp1i;control-customactionselection;32;2;2091847
exp1i;control-customactionselection;32;3;2328313
exp1i;control-customactionselection;32;4;2266134
exp1i;control-customactionselection;32;5;2649722
exp1i;control-customactionselection;32;6;2227889
exp1i;control-customactionselection;32;7;1835683
exp1i;control-customactionselection;32;8;2569420
exp1i;control-customactionselection;32;9;1965124
exp1i;control-customactionselection;32;10;2348007
exp1i;control-customactionselection;28;1;2248947
exp1i;control-customactionselection;28;2;1923474
exp1i;control-customactionselection;28;3;2471152
exp1i;control-customactionselection;28;4;1664566
exp1i;control-customactionselection;28;5;2441281
exp1i;control-customactionselection;28;6;2215462
exp1i;control-customactionselection;28;7;7662573
exp1i;control-customactionselection;28;8;9267442
exp1i;control-customactionselection;28;9;1009135
exp1i;control-customactionselection;28;10;4500675
exp1i;plain;27;1;375786
exp1i;plain;27;2;412504
exp1i;plain;27;3;417745
exp1i;plain;27;4;352955
exp1i;plain;27;5;356325
exp1i;plain;27;6;396964
exp1i;plain;27;7;428749
exp1i;plain;27;8;338722
exp1i;plain;27;9;423656
exp1i;plain;27;10;345066
exp1i;plain;5;1;342397
exp1i;plain;5;2;377401
exp1i;plain;5;3;415757
exp1i;plain;5;4;417086
exp1i;plain;5;5;384490
exp1i;plain;5;6;408168
exp1i;plain;5;7;357621
exp1i;plain;5;8;431285
exp1i;plain;5;9;412949
exp1i;plain;5;10;430958
exp1i;experimental;53;1;1962044
exp1i;experimental;53;2;2339723
exp1i;experimental;53;3;3237500
exp1i;experimental;53;4;1759929
exp1i;experimental;53;5;3083515
exp1i;experimental;53;6;2547991
exp1i;experimental;53;7;2343064
exp1i;experimental;53;8;2534345
exp1i;experimental;53;9;2461692
exp1i;experimental;53;10;2760370
exp1i;plain;45;1;418859
exp1i;plain;45;2;391997
exp1i;plain;45;3;412260
exp1i;plain;45;4;356020
exp1i;plain;45;5;417793
exp1i;plain;45;6;426905
exp1i;plain;45;7;402177
exp1i;plain;45;8;407126
exp1i;plain;45;9;412741
exp1i;plain;45;10;401678
exp1i;plain;18;1;418485
exp1i;plain;18;2;360059
exp1i;plain;18;3;382197
exp1i;plain;18;4;410159
exp1i;plain;18;5;413369
exp1i;plain;18;6;348821
exp1i;plain;18;7;374236
exp1i;plain;18;8;410041
exp1i;plain;18;9;408629
exp1i;plain;18;10;407542
exp1i;plain;7;1;435376
exp1i;plain;7;2;418233
exp1i;plain;7;3;381350
exp1i;plain;7;4;418804
exp1i;plain;7;5;357065
exp1i;plain;7;6;417870
exp1i;plain;7;7;402081
exp1i;plain;7;8;423585
exp1i;plain;7;9;442692
exp1i;plain;7;10;380247
exp1i;plain;28;1;350440
exp1i;plain;28;2;356622
exp1i;plain;28;3;349448
exp1i;plain;28;4;381428
exp1i;plain;28;5;349455
exp1i;plain;28;6;380451
exp1i;plain;28;7;421298
exp1i;plain;28;8;415119
exp1i;plain;28;9;421324
exp1i;plain;28;10;359114
exp1i;control-defaultactionselection;48;1;2641501
exp1i;control-defaultactionselection;48;2;2814111
exp1i;control-defaultactionselection;48;3;1629004
exp1i;control-defaultactionselection;48;4;1383064
exp1i;control-defaultactionselection;48;5;1758779
exp1i;control-defaultactionselection;48;6;1998928
exp1i;control-defaultactionselection;48;7;2138443
exp1i;control-defaultactionselection;48;8;2501070
exp1i;control-defaultactionselection;48;9;2509488
exp1i;control-defaultactionselection;48;10;2434400
exp1i;control-customactionselection;54;1;1352777
exp1i;control-customactionselection;54;2;2526095
exp1i;control-customactionselection;54;3;2788330
exp1i;control-customactionselection;54;4;2515413
exp1i;control-customactionselection;54;5;2287346
exp1i;control-customactionselection;54;6;2325920
exp1i;control-customactionselection;54;7;2328092
exp1i;control-customactionselection;54;8;2568876
exp1i;control-customactionselection;54;9;1008814
exp1i;control-customactionselection;54;10;2101722
exp1i;control-defaultactionselection;25;1;2576992
exp1i;control-defaultactionselection;25;2;2236890
exp1i;control-defaultactionselection;25;3;2444982
exp1i;control-defaultactionselection;25;4;2387687
exp1i;control-defaultactionselection;25;5;2145805
exp1i;control-defaultactionselection;25;6;2322906
exp1i;control-defaultactionselection;25;7;2544179
exp1i;control-defaultactionselection;25;8;1962889
exp1i;control-defaultactionselection;25;9;2411149
exp1i;control-defaultactionselection;25;10;2432160
